gene,signLogP
XM_022486441.1,63.5767718360027
XM_022445879.1,18.5125662347044
XM_022451681.1,10.4173223660422
XM_022451650.1,10.4173223660422
XM_022481252.1,21.9710052446789
XM_022476787.1,6.04886953252067
XM_022486759.1,8.26405171098983
XM_022463806.1,13.7744914628696
XM_022466353.1,27.1261234277055
XM_022465219.1,27.2641291440302
XM_022434536.1,7.79095800668733
XM_022442625.1,15.9782215409611
XM_022473810.1,26.5390900973202
XM_022470304.1,20.5614489037904
XM_022479421.1,36.8763308508673
XM_022473301.1,41.8397160498316
XM_022466598.1,0.756322151754418
XM_022474843.1,9.17432961290979
XM_022431832.1,20.7125959630462
XM_022457267.1,37.1744323557449
XM_022487070.1,15.1405092753944
XM_022478705.1,5.63506336063741
XM_022436107.1,4.8403092719096
XM_022457914.1,2.51072673773991
XM_022458968.1,26.2820605692755
XM_022450492.1,95.5150836518809
XM_022474723.1,35.0090366970941
XM_022461511.1,15.6065494868439
XM_022466463.1,33.8312210128024
XM_022438379.1,34.768058875954
XM_022432269.1,18.1283873201432
XM_022462212.1,2.63813083894032
XM_022486464.1,22.2594672282585
XM_022469460.1,17.2480351525849
XM_022468416.1,30.1066838625425
XM_022433140.1,28.7131043649406
XM_022474858.1,19.0278893394249
XM_022444056.1,22.388706537096
XM_022431126.1,2.49844463618795
XM_022433055.1,49.2879357175029
XM_022489865.1,18.693669690997
XM_022430706.1,35.9508781197251
XM_022465326.1,44.0159836529581
XM_022460497.1,25.5199310879864
XM_022479948.1,9.54868646316676
XM_022477370.1,0.851257255122326
XM_022488195.1,13.534015083104
XM_022463097.1,17.8060439040735
XM_022457690.1,12.1084037950324
XM_022486957.1,20.5056559682512
XM_022457516.1,0.883309395133061
XM_022482755.1,5.79432203199711
XM_022463004.1,37.5009913039127
XM_022460007.1,1.36784166417767
XM_022487625.1,7.45369594903134
XM_022444325.1,22.7459618944745
XM_022476763.1,54.8613793024407
XM_022442109.1,16.9743037902403
XM_022459164.1,30.7397274816651
XM_022431345.1,59.7170034965507
XM_022486749.1,1.68303816734419
XM_022465596.1,9.87260108833857
XM_022483410.1,25.7986444731546
XM_022432612.1,108.246353696385
XM_022466668.1,26.3106873532857
XM_022465066.1,70.4192899330615
XM_022488432.1,30.4003356840655
XM_022472391.1,1.8253973315349
XM_022453433.1,43.031687301812
XM_022476031.1,11.7403818029937
XM_022478527.1,29.5252074083016
XM_022432894.1,29.0671265021191
XM_022430482.1,10.885715268543
XM_022432893.1,29.0671265021191
XM_022441122.1,21.6784146077481
XM_022433449.1,40.4941505076955
XM_022484974.1,31.8902646140888
XM_022467813.1,27.2105715050146
XM_022477217.1,19.906100433309
XM_022430525.1,37.7709601284934
XM_022457632.1,6.75174604162911
XM_022442329.1,15.8941803974828
XM_022438425.1,2.30642345007053
XM_022462732.1,23.7293191900724
XM_022469418.1,8.20226165595258
XM_022470306.1,27.0476218393321
XM_022457528.1,16.8995585497002
XM_022431951.1,1.74969875423889
XM_022458955.1,52.0137256699692
XM_022461068.1,20.5925262126832
XM_022433335.1,51.8092924727056
XM_022430868.1,14.5601914828702
XM_022436090.1,4.8403092719096
XM_022448844.1,76.6629796170813
XM_022430681.1,18.2701959558039
XM_022431023.1,11.1767261227242
XM_022448873.1,46.5150672510636
XM_022436441.1,35.1033555298998
XM_022450424.1,71.4279404348343
XM_022463485.1,28.9737143718362
XM_022434917.1,155.860020386716
XM_022486654.1,17.3133789849884
XM_022458912.1,2.5773688409647
XM_022452464.1,15.5384010833841
XM_022469531.1,9.68299102149096
XM_022446298.1,6.34081381800372
XM_022460011.1,11.2637048939459
XM_022438560.1,5.00397646340019
XM_022466196.1,12.6064335025202
XM_022473442.1,61.1754925888813
XM_022461018.1,19.5378146028208
XM_022443674.1,76.4849562271652
XM_022463552.1,25.7888751383191
XM_022450720.1,39.1979044748122
XM_022487209.1,1.83164502734178
XM_022453230.1,46.9058423108192
XM_022437048.1,44.9671621267716
XM_022458534.1,45.8707729390211
XM_022433141.1,28.4099366645158
XM_022454188.1,8.87799234250353
XM_022468766.1,96.6542069399338
XM_022485713.1,12.9383424320561
XM_022444173.1,40.6364898521821
XM_022460284.1,4.93405168528986
XM_022484644.1,84.1341656666789
XM_022459297.1,26.1022584778628
XM_022431025.1,27.8031272680936
XM_022484022.1,56.7434986237559
XM_022442108.1,46.3025266509108
XM_022477792.1,28.4589029269992
XM_022463109.1,6.60541836520132
XM_022463942.1,7.68024246416925
XM_022447364.1,37.8641147313001
XM_022473039.1,34.8859319353441
XM_022458983.1,70.0156268142147
XM_022464236.1,8.70298134993676
XM_022442577.1,28.7052533286457
XM_022433072.1,33.3314636743197
XM_022458027.1,10.5939455521865
XM_022438188.1,11.7013427631019
XM_022466627.1,33.5005859569518
XM_022437946.1,62.7233535462177
XM_022468558.1,49.6612235177427
XM_022461422.1,17.9770024813898
XM_022432315.1,19.6845985469242
XM_022462267.1,5.56705312594847
XM_022431276.1,27.4988185278155
XM_022461674.1,2.14107612333405
XM_022448639.1,25.7837640278841
XM_022457675.1,4.71493739688082
XM_022447422.1,118.692386425854
XM_022489278.1,29.0471629129407
XM_022467452.1,59.7766315856141
XM_022432620.1,11.7788678332229
XM_022453489.1,60.9068039113159
XM_022440951.1,1.72223713792969
XM_022449726.1,9.37397144909269
XM_022464403.1,1.30624217656818
XM_022443875.1,12.372808453576
XM_022483724.1,5.8629675558424
XM_022457001.1,3.21691375099467
XM_022451918.1,8.52128454961952
XM_022457257.1,10.1717380469141
XM_022483281.1,3.59726080691221
XM_022460309.1,21.7988410289762
XM_022466757.1,14.7729011875535
XM_022430837.1,42.8267020250987
XM_022484427.1,34.1951909458488
XM_022473385.1,27.569883684445
XM_022462856.1,17.3571551917727
XM_022488248.1,8.76086220620977
XM_022490469.1,12.6754991613379
XM_022446455.1,30.9377442125036
XM_022457203.1,23.6817583966928
XM_022458079.1,38.9276383371644
XM_022432626.1,6.08954319558771
XM_022442121.1,4.0556988220264
XM_022481478.1,24.5351367671241
XM_022435315.1,23.9537396593253
XM_022433241.1,22.7072742972837
XM_022431778.1,2.34318367497274
XM_022471977.1,36.6555659722993
XM_022466377.1,4.94711669915662
XM_022450970.1,6.00461625289789
XM_022454710.1,5.65447101781198
XM_022439475.1,10.317322288467
XM_022434909.1,15.3782671950393
XM_022479789.1,0.776281863466
XM_022433151.1,4.03218587063381
XM_022477375.1,21.6102371156091
XM_022460702.1,9.09868451363577
XM_022473886.1,0.719701034185288
XM_022431041.1,1.68318402698926
XM_022434220.1,3.36645543321878
XM_022459549.1,14.6971076352924
XM_022459047.1,25.8380332348407
XM_022463913.1,29.2254492409449
XM_022433418.1,15.6150490051394
XM_022468477.1,46.3876562506075
XM_022452274.1,58.4617433225912
XM_022461449.1,1.23253690145069
XM_022448510.1,21.3685080068745
XM_022473085.1,62.8385022564421
XM_022469350.1,63.4636151571735
XM_022480259.1,9.94594171164596
XM_022464500.1,45.6497014134541
XM_022460127.1,48.8633604458523
XM_022464980.1,30.0211146912668
XM_022441536.1,1.54310584441375
XM_022438880.1,8.88037713011782
XM_022486970.1,35.9396655436951
XM_022437780.1,88.9659635722992
XM_022464817.1,95.3697247261942
XM_022458014.1,3.39390265300919
XM_022464065.1,22.7190407223171
XM_022457910.1,20.9793646205963
XM_022436333.1,19.060741478782
XM_022440623.1,89.8826079171626
XM_022461371.1,38.2396065753353
XM_022443767.1,7.70383038080272
XM_022433646.1,52.287975980642
XM_022443518.1,64.6228702009475
XM_022433734.1,16.6959786989696
XM_022457646.1,14.4642612122615
XM_022450693.1,66.3390322279633
XM_022430546.1,26.3385287724615
XM_022471522.1,3.8286174967747
XM_022451656.1,1.37393979404737
XM_022485895.1,104.65170107571
XM_022433665.1,80.0424661008049
XM_022454215.1,3.89788245591498
XM_022467055.1,8.75345427763342
XM_022483200.1,11.665465642353
XM_022468238.1,6.03719481753088
XM_022473968.1,18.0017447766564
XM_022444397.1,7.79972761461759
XM_022443255.1,6.90947726074208
XM_022436372.1,60.4493888694649
XM_022437329.1,42.7029127799609
XM_022466326.1,34.9377425669268
XM_022444162.1,22.6150427879606
XM_022462805.1,33.3832668931792
XM_022483343.1,0.216545491463932
XM_022477402.1,50.5875801524269
XM_022481878.1,9.12402690513586
XM_022473895.1,23.3212089203511
XM_022430426.1,16.4584060840407
XM_022467910.1,51.6830663753655
XM_022459678.1,1.36616512050098
XM_022433951.1,1.70644948879304
XM_022471150.1,11.1555972344696
XM_022437892.1,0.886738725772209
XM_022476305.1,38.9480065117714
XM_022430907.1,21.0349988279182
XM_022452962.1,0.928558929406037
XM_022485499.1,78.3510142346564
XM_022471490.1,9.53016072399581
XM_022470862.1,21.9128470323958
XM_022467390.1,8.41031832296962
XM_022432311.1,19.6845985469242
XM_022477781.1,3.77419946227459
XM_022465248.1,9.45728045310788
XM_022464759.1,3.01960271921624
XM_022433764.1,78.5789930683958
XM_022462935.1,38.5024622366828
XM_022462836.1,4.85212588449112
XM_022464264.1,5.81042114013294
XM_022458055.1,40.131346439807
XM_022438401.1,0.729819048780042
XM_022435847.1,27.5882806428657
XM_022453574.1,49.7382647991883
XM_022456845.1,24.4193717390531
XM_022443835.1,13.9893919136763
XM_022433728.1,13.4926990629789
XM_022434539.1,39.2810251716842
XM_022468531.1,14.880810128285
XM_022447637.1,24.0323456753033
XM_022479471.1,52.1300593909872
XM_022473049.1,26.5000836284875
XM_022484035.1,82.3348897421525
XM_022475440.1,15.4121620659965
XM_022475639.1,36.7879430033344
XM_022437343.1,37.932746357402
XM_022434678.1,16.301641516913
XM_022487839.1,1.98265536079215
XM_022463579.1,1.16892488775542
XM_022440157.1,59.9127140950199
XM_022436420.1,5.90348920155205
XM_022439210.1,29.2552473383869
XM_022457538.1,19.3139869064777
XM_022475696.1,29.1599450471406
XM_022463031.1,19.904181842205
XM_022484486.1,86.4075260727609
XM_022463013.1,2.27892618522416
XM_022468650.1,6.7048772941039
XM_022477902.1,21.5108960195166
XM_022476432.1,3.58845437772449
XM_022483905.1,18.5941155055438
XM_022437730.1,8.36935309579229
XM_022434479.1,3.53965563421031
XM_022462671.1,12.7990465810879
XM_022470903.1,39.7962605030019
XM_022487845.1,11.0324951332058
XM_022464734.1,108.18834800036
XM_022432477.1,19.911485759742
XM_022468427.1,196.8121902736
XM_022466774.1,68.7712158072724
XM_022481884.1,4.43270958904101
XM_022473901.1,23.7058665086265
XM_022435091.1,52.7968911104744
XM_022432099.1,20.8235618654632
XM_022453780.1,8.46706582646032
XM_022431222.1,25.3577020250462
XM_022468241.1,31.3435713249073
XM_022484034.1,36.9420805694799
XM_022483614.1,27.1888474217768
XM_022463211.1,2.65539793303782
XM_022473448.1,23.7114131491868
XM_022441801.1,3.81753316200772
XM_022449758.1,22.8098971632956
XM_022476800.1,4.8751400498413
XM_022444591.1,11.488564614724
XM_022433116.1,42.5019916613157
XM_022459415.1,3.31155596625759
XM_022449532.1,34.2980357840325
XM_022455516.1,7.76981235606842
XM_022439878.1,4.58837108437051
XM_022457566.1,59.6995240728292
XM_022478863.1,17.5012764642029
XM_022447806.1,61.8971463385036
XM_022479149.1,17.638143600815
XM_022487521.1,12.2831668875371
XM_022475011.1,101.884197823589
XM_022440937.1,0.963287742205313
XM_022476338.1,69.7747802835485
XM_022485916.1,20.2837388122439
XM_022480886.1,8.22045611453898
XM_022485055.1,23.775201122059
XM_022444604.1,1.78033181431406
XM_022471126.1,32.1545855088056
XM_022484393.1,9.61415409437262
XM_022475362.1,17.9304701573981
XM_022437775.1,61.802106962069
XM_022488672.1,3.39462661649942
XM_022474836.1,19.5013500746143
XM_022463859.1,17.0797572494683
XM_022430622.1,42.3396560793101
XM_022463991.1,17.1570306840668
XM_022451060.1,5.08477366671207
XM_022476052.1,1.98805687481132
XM_022473935.1,50.4091147143399
XM_022483427.1,105.577654946121
XM_022449294.1,12.2146650547764
XM_022463726.1,32.1938638811194
XM_022473626.1,13.5607520672808
XM_022457621.1,4.85485524241656
XM_022440938.1,0.963287742205313
XM_022480597.1,11.8517844877006
XM_022488305.1,56.7967683901648
XM_022468499.1,35.9306937353895
XM_022441433.1,10.5150315205669
XM_022480853.1,20.6097603815499
XM_022460041.1,5.15696173824344
XM_022459146.1,40.0190804943125
XM_022458782.1,12.0407614480436
XM_022430842.1,13.8212729285779
XM_022448100.1,19.3286482105011
XM_022490167.1,7.80686741154752
XM_022462376.1,21.7643785699701
XM_022454186.1,8.87799234250353
XM_022468144.1,47.5743388758082
XM_022443887.1,15.7707838043281
XM_022469400.1,6.58480910854265
XM_022478016.1,11.880500889583
XM_022453199.1,33.6987595483183
XM_022489396.1,33.5344172782099
XM_022465133.1,10.0651644836729
XM_022436297.1,38.8184919587611
XM_022447388.1,6.05319272762138
XM_022461526.1,0.953670221120976
XM_022443749.1,1.64719429823818
XM_022430589.1,7.49377330884169
XM_022461814.1,59.8007123842317
XM_022434080.1,18.4311279262158
XM_022485345.1,23.6786080812637
XM_022488452.1,55.3636201328529
XM_022480436.1,21.1840290902676
XM_022442099.1,61.0250048096494
XM_022467450.1,5.04208323764209
XM_022442340.1,62.9722083700523
XM_022481225.1,16.2078843721092
XM_022461252.1,23.0140320488854
XM_022474658.1,12.1749717319828
XM_022468323.1,0.103084884649024
XM_022477728.1,28.2499965120851
XM_022476582.1,25.7575457242473
XM_022432410.1,31.888630061901
XM_022461408.1,32.9631683125864
XM_022462798.1,15.4067112834511
XM_022462118.1,5.16967510627689
XM_022446297.1,2.18882703559472
XM_022437377.1,48.2224151866688
XM_022477040.1,23.1570146135159
XM_022486466.1,32.4150120337554
XM_022469222.1,17.4113777431773
XM_022443060.1,19.0538256139384
XM_022485303.1,47.7922369870986
XM_022444395.1,57.2286502107829
XM_022464622.1,5.04727059630657
XM_022481976.1,12.2771803230725
XM_022466383.1,4.94711669915662
XM_022475668.1,8.72588480191858
XM_022468438.1,69.0757643899622
XM_022453641.1,41.3369510753241
XM_022445862.1,9.70294075565818
XM_022472966.1,20.8228032288355
XM_022434487.1,18.4446688722501
XM_022469206.1,16.0039931579749
XM_022430979.1,6.30647561101154
XM_022473115.1,7.1362890816341
XM_022460395.1,159.783740507307
XM_022460104.1,16.0081503614566
XM_022448187.1,59.7959099488664
XM_022479762.1,69.5109458786836
XM_022475537.1,18.4161171729011
XM_022452826.1,56.2568146404478
XM_022465452.1,13.0416086156092
XM_022462016.1,45.5555481440908
XM_022448522.1,40.9316526761577
XM_022459054.1,11.4228699759945
XM_022478098.1,105.110901201116
XM_022464247.1,20.6960009257984
XM_022490013.1,18.5467404620431
XM_022459400.1,2.39149620060248
XM_022438596.1,19.3215487695331
XM_022446033.1,2.85942900114025
XM_022458970.1,7.49779566159924
XM_022448410.1,4.48964124444967
XM_022487179.1,31.3999590111731
XM_022452002.1,29.102691682569
XM_022460750.1,24.9702693921141
XM_022441657.1,68.8720658022459
XM_022458721.1,29.7861280264904
XM_022442496.1,20.5195628344867
XM_022459608.1,8.28025482755984
XM_022440948.1,29.581658621346
XM_022446334.1,9.37957758338188
XM_022457155.1,86.7925537158216
XM_022485530.1,14.0006863441985
XM_022486110.1,8.3413429451243
XM_022470460.1,40.2221099805546
XM_022484994.1,31.8902646140888
XM_022443279.1,39.4952646130304
XM_022461593.1,4.90627946796998
XM_022457619.1,4.85485524241656
XM_022457247.1,22.5929606858242
XM_022479607.1,9.88936751117959
XM_022478286.1,11.7561775953791
XM_022431962.1,9.21159255563101
XM_022462863.1,72.6003264549162
XM_022463317.1,87.4547928909078
XM_022430481.1,39.4172397387556
XM_022458679.1,1.96785866512478
XM_022443180.1,52.8061688307714
XM_022488490.1,14.2017639486232
XM_022479833.1,15.678581513161
XM_022460747.1,0.00318958131061511
XM_022457289.1,54.9980155038943
XM_022471844.1,27.7394927995878
XM_022453291.1,27.0601336639789
XM_022432420.1,13.0073530711005
XM_022465373.1,41.9079979304368
XM_022461031.1,35.5934468248999
XM_022459508.1,10.5854598058326
XM_022438441.1,4.64340823011877
XM_022464234.1,0.0376766338575147
XM_022476434.1,7.85296465304401
XM_022440523.1,21.5445841733317
XM_022483658.1,19.3510130996165
XM_022470122.1,3.61542046393204
XM_022445397.1,11.3329909214938
XM_022461106.1,22.2215806195238
XM_022487957.1,8.30433111377693
XM_022436899.1,4.87789494551459
XM_022454138.1,37.504804828198
XM_022469832.1,5.67435397216544
XM_022469631.1,6.36444716993908
XM_022432712.1,2.46430187371096
XM_022462276.1,22.0681188753693
XM_022487818.1,3.74861119966305
XM_022460609.1,18.3246608160788
XM_022462154.1,22.1135983403994
XM_022462358.1,9.722118782833
XM_022431627.1,14.7084507970002
XM_022463800.1,5.32066891157673
XM_022432238.1,48.6400585847144
XM_022438475.1,5.48826674131737
XM_022478953.1,25.4820249439111
XM_022489750.1,19.8487909266084
XM_022478975.1,14.6481046505267
XM_022489612.1,28.5679253537722
XM_022456099.1,15.171209372894
XM_022470420.1,3.66703264307593
XM_022489902.1,3.83748758892749
XM_022447309.1,10.5089543132988
XM_022466695.1,8.72259813130518
XM_022458984.1,23.5311556552847
XM_022435828.1,3.44314500946992
XM_022468504.1,5.39038528815664
XM_022485552.1,4.81836551041174
XM_022463755.1,22.9437024409814
XM_022487290.1,14.159666055385
XM_022467492.1,17.0075012974193
XM_022459293.1,14.198071236695
XM_022480852.1,43.5736880780862
XM_022475900.1,6.3000478020468
XM_022470810.1,2.30405897863005
XM_022442169.1,30.7620355709867
XM_022466274.1,11.8346535133195
XM_022454700.1,76.0722830828179
XM_022446711.1,0.449315903568639
XM_022448434.1,11.6707003710452
XM_022453220.1,6.54764115580589
XM_022486570.1,18.2883051439989
XM_022452973.1,8.54081551447085
XM_022456807.1,17.5606768058893
XM_022469618.1,11.6122652527505
XM_022462171.1,1.88664701835331
XM_022480166.1,35.1024252547582
XM_022484124.1,6.83882174258881
XM_022488024.1,24.3671432451406
XM_022487462.1,3.53354136525019
XM_022443388.1,16.3433618284504
XM_022446460.1,16.2680405541429
XM_022436032.1,32.4257243188966
XM_022464197.1,3.40561181093339
XM_022480922.1,20.2613643163193
XM_022485545.1,17.42571710369
XM_022455509.1,4.97913197588491
XM_022474750.1,3.5102105601781
XM_022484596.1,27.6230340972507
XM_022472863.1,16.8128236804017
XM_022432844.1,11.4017956239218
XM_022471142.1,24.6840852565635
XM_022440124.1,64.8884403160079
XM_022472973.1,2.82381431365607
XM_022462252.1,15.0528064606126
XM_022486676.1,11.9180922175908
XM_022454715.1,5.65447101781198
XM_022430705.1,35.9508781197251
XM_022488799.1,24.2494585756394
XM_022459280.1,90.4292597377272
XM_022462457.1,5.6886513299994
XM_022476253.1,15.1266833465112
XM_022466820.1,2.08435680180324
XM_022470203.1,55.4350216823329
XM_022463583.1,10.5112397283993
XM_022453887.1,31.2509526595663
XM_022434261.1,52.6610903518185
XM_022442579.1,11.1721041279827
XM_022485267.1,2.93387189794882
XM_022443523.1,20.9092327098391
XM_022489186.1,12.258382667136
XM_022463702.1,7.60342323402614
XM_022475857.1,22.6011637551857
XM_022466901.1,32.9043945843879
XM_022476694.1,1.27772053368258
XM_022449900.1,2.65329742014484
XM_022441906.1,55.4182332250421
XM_022435808.1,3.05975721992699
XM_022469979.1,9.02235654281263
XM_022431845.1,15.9554471798514
XM_022431847.1,15.9554471798514
XM_022457468.1,20.0504596385696
XM_022485520.1,45.7527690648282
XM_022475263.1,15.6632519803924
XM_022458531.1,6.37618629407825
XM_022445450.1,19.6953872197931
XM_022488041.1,14.8570114005621
XM_022480834.1,3.11133887935301
XM_022431473.1,50.1582809597714
XM_022476796.1,81.8002196655804
XM_022433528.1,16.4315976745412
XM_022484313.1,3.7423266454203
XM_022449359.1,0.0636520874693423
XM_022477722.1,27.0058797941129
XM_022466874.1,5.33941231498349
XM_022485985.1,70.318886571016
XM_022448172.1,22.2887720350548
XM_022473669.1,33.1290172478419
XM_022462739.1,40.2545313545964
XM_022468469.1,75.3859420376109
XM_022487861.1,6.73412303179629
XM_022432312.1,19.6845985469242
XM_022472335.1,3.8897689735163
XM_022431960.1,7.46422806133835
XM_022482955.1,197.393727471563
XM_022444158.1,19.6375395506682
XM_022458624.1,4.11206972893463
XM_022450292.1,17.4616401490912
XM_022457285.1,2.32139866356812
XM_022474525.1,17.9360637864055
XM_022477893.1,41.5176014506552
XM_022471316.1,34.9674412479908
XM_022444639.1,1.48234633598616
XM_022473923.1,49.3863904127371
XM_022484998.1,2.18596362058001
XM_022438388.1,34.768058875954
XM_022488579.1,3.28995488879929
XM_022486727.1,16.5495612615721
XM_022434288.1,60.1723309591552
XM_022481914.1,10.3897210565659
XM_022459046.1,7.82882591642517
XM_022451388.1,53.5124574076798
XM_022464853.1,5.05885662758054
XM_022475441.1,47.5880431328144
XM_022449439.1,67.1799017459723
XM_022487945.1,26.8562953308656
XM_022473086.1,26.9230592172306
XM_022449298.1,8.79569552687575
XM_022472342.1,27.9349205145566
XM_022436802.1,24.3015163181281
XM_022471750.1,14.7753721110067
XM_022464993.1,26.5916331383031
XM_022481809.1,10.7416600427187
XM_022468824.1,36.8952028680124
XM_022462247.1,50.3231815317958
XM_022474454.1,1.20199675799213
XM_022479631.1,35.1721552260331
XM_022434062.1,-38.1306195235037
XM_022467078.1,-14.261371345228
XM_022453518.1,-3.51882584176596
XM_022473983.1,-67.7003370146347
XM_022471417.1,-7.94230040758585
XM_022467456.1,-33.299382683714
XM_022458864.1,-12.9611305495809
XM_022483522.1,-12.7810972925141
XM_022458285.1,-4.84775283318403
XM_022463816.1,-25.4209824354645
XM_022456418.1,-5.90133393997877
XM_022433385.1,-3.42311911668193
XM_022479829.1,-29.4646575109212
XM_022478377.1,-14.406859921748
XM_022459548.1,-3.94899097790815
XM_022462729.1,-16.6678679454307
XM_022482673.1,-59.9212740669088
XM_022437282.1,-30.45206925704
XM_022486180.1,-9.63910931746958
XM_022488866.1,-10.2139517104647
XM_022457742.1,-65.4638067180299
XM_022487484.1,-32.6415698137744
XM_022467871.1,-10.3436726851085
XM_022441644.1,-47.0444981666317
XM_022470484.1,-25.538442124688
XM_022436458.1,-10.8000236974837
XM_022434529.1,-8.08879767289081
XM_022470682.1,-3.96666769895899
XM_022460845.1,-23.2773063824505
XM_022453746.1,-28.0906874792891
XM_022448060.1,-55.6591087570048
XM_022450299.1,-43.8577997959846
XM_022439547.1,-1.84060418488539
XM_022465390.1,-9.5145498730476
XM_022432066.1,-15.3587946919915
XM_022435157.1,-32.3025009906459
XM_022477654.1,-32.3084607498077
XM_022471634.1,-7.19865679495185
XM_022457913.1,-9.57722785828538
XM_022436838.1,-93.8972904500061
XM_022452745.1,-26.4664644198443
XM_022454059.1,-113.087579229607
XM_022438280.1,-82.5267618877923
XM_022457228.1,-12.5464676862965
XM_022463766.1,-15.6583576585195
XM_022469989.1,-8.38574001929675
XM_022468623.1,-16.2739684794995
XM_022437547.1,-49.3225433103638
XM_022453635.1,-42.0068100062623
XM_022456909.1,-30.7498364705992
XM_022478813.1,-20.0951586365669
XM_022458639.1,-16.0536515092743
XM_022460077.1,-1.9390815173218
XM_022463276.1,-53.3564906430576
XM_022451390.1,-32.1617705215496
XM_022468871.1,-5.11528589513644
XM_022476046.1,-54.4989479019449
XM_022478361.1,-16.796794512984
XM_022436689.1,-18.9155988984093
XM_022463779.1,-10.7262023347869
XM_022469901.1,-1.75458218861552
XM_022477693.1,-6.42810396368545
XM_022432025.1,-6.93562474994761
XM_022459521.1,-36.089482770401
XM_022464324.1,-14.3892449205737
XM_022465113.1,-16.8190629289307
XM_022446822.1,-16.9640707532426
XM_022447499.1,-4.5481926773994
XM_022462222.1,-15.6186479105138
XM_022463639.1,-21.7529150945728
XM_022466872.1,-5.84264220914332
XM_022468812.1,-26.3800992698308
XM_022468712.1,-4.08588841641456
XM_022472661.1,-16.2102538135922
XM_022430379.1,-5.54423708675451
XM_022437467.1,-53.1740100704411
XM_022440390.1,-6.10147184234279
XM_022443237.1,-18.6601289974422
XM_022462977.1,-9.92668289659267
XM_022437912.1,-5.99935519656193
XM_022432521.1,-9.10572993755897
XM_022431153.1,-57.1881839698879
XM_022460912.1,-4.92191285680558
XM_022430493.1,-54.8576970840037
XM_022463840.1,-22.8502804437613
XM_022440199.1,-134.516099901594
XM_022452517.1,-2.27630836991583
XM_022432806.1,-18.536444519687
XM_022451784.1,-17.9522089123098
XM_022477151.1,-50.9122684225485
XM_022431782.1,-51.3731220533984
XM_022459227.1,-31.1135288834288
XM_022489152.1,-29.5751376744295
XM_022486910.1,-16.4673752933871
XM_022459291.1,-50.0051188984122
XM_022436904.1,-129.431837196129
XM_022461530.1,-21.2017751370692
XM_022437468.1,-136.417361351554
XM_022458143.1,-20.337611676169
XM_022448323.1,-14.0140723564914
XM_022479252.1,-2.60150756941893
XM_022468281.1,-6.7030413140164
XM_022435382.1,-20.2296268611362
XM_022484437.1,-8.87661332852353
XM_022460759.1,-24.8957663379105
XM_022465630.1,-31.4344009495151
XM_022485284.1,-44.0897825441213
XM_022457586.1,-24.5789146526246
XM_022480035.1,-4.57856428295454
XM_022489699.1,-4.31975743650301
XM_022430723.1,-5.11786188311981
XM_022468953.1,-73.1895461804306
XM_022468435.1,-6.1522743497602
XM_022447773.1,-0.468377432221159
XM_022466261.1,-0.320587706425069
XM_022485212.1,-27.9146587116473
XM_022431040.1,-16.5108508729541
XM_022471398.1,-5.09578999577472
XM_022487501.1,-4.18777518949246
XM_022435810.1,-9.49196588910955
XM_022461034.1,-100.67614714824
XM_022432797.1,-29.5568561258028
XM_022484227.1,-42.5685967415627
XM_022478629.1,-17.7060221028661
XM_022466336.1,-23.0602110350115
XM_022475318.1,-8.09244879554452
XM_022463557.1,-27.7603867971892
XM_022481046.1,-9.97954668851102
XM_022457607.1,-4.16578750411038
XM_022437611.1,-19.0649240525221
XM_022435694.1,-14.2125587875843
XM_022442713.1,-0.0354967198318979
XM_022433256.1,-79.9949257114229
XM_022431547.1,-23.8892489721419
XM_022469980.1,-7.24574979368091
XM_022485097.1,-12.3205988155359
XM_022434096.1,-53.2429264972683
XM_022433487.1,-18.5953678772604
XM_022443673.1,-20.069446975329
XM_022437140.1,-51.4071685814864
XM_022438301.1,-12.8146154770026
XM_022439268.1,-12.2625900883653
XM_022485072.1,-58.063311785068
XM_022482749.1,-42.8295043578955
XM_022476571.1,-16.8329348105158
XM_022436613.1,-9.83716774383367
XM_022462034.1,-68.88133818984
XM_022469019.1,-9.21575208893691
XM_022474437.1,-19.3012445994035
XM_022489138.1,-31.4825009146191
XM_022487704.1,-6.24028084118325
XM_022458651.1,-52.8284762459996
XM_022444060.1,-122.611522169894
XM_022449052.1,-15.1057982546089
XM_022475351.1,-19.2861704775968
XM_022480891.1,-19.6549522875391
XM_022480086.1,-6.60465000788921
XM_022432224.1,-19.6617868682201
XM_022432978.1,-12.6135273315365
XM_022469486.1,-3.96829763345127
XM_022434796.1,-31.8019651206714
XM_022459990.1,-4.82519012087557
XM_022442530.1,-10.2198179644931
XM_022438719.1,-44.3418522570495
XM_022440802.1,-22.831097799691
XM_022483690.1,-66.4274283557228
XM_022483300.1,-14.1341755488966
XM_022460846.1,-23.2773063824505
XM_022453502.1,-20.4429792941334
XM_022461732.1,-0.77300500532538
XM_022472183.1,-3.97520724402044
XM_022455672.1,-5.86542308410763
XM_022463607.1,-10.3634334507557
XM_022436487.1,-60.4401460965039
XM_022443817.1,-45.4881412914048
XM_022430471.1,-17.1198138330784
XM_022457803.1,-22.0849631998029
XM_022470422.1,-1.11622295007777
XM_022450890.1,-104.821734013916
XM_022484054.1,-8.69589530629988
XM_022484848.1,-11.3703873796483
XM_022457193.1,-5.26751739313063
XM_022461301.1,-5.63013998939612
XM_022486261.1,-11.8731091287018
XM_022457974.1,-170.326959630675
XM_022438294.1,-1.55337899170412
XM_022431715.1,-1.70934278167595
XM_022444483.1,-21.0416948558703
XM_022472107.1,-40.628737954384
XM_022446113.1,-1.92348449431721
XM_022436418.1,-21.9201554530508
XM_022437269.1,-33.4667805348475
XM_022473158.1,-5.13502692474244
XM_022486295.1,-39.90220204488
XM_022444531.1,-3.92833533092045
XM_022435410.1,-45.898878632157
XM_022435101.1,-35.6809168364448
XM_022451212.1,-4.05528674695134
XM_022472113.1,-10.2957902662721
XM_022437615.1,-68.2557991366712
XM_022471449.1,-14.1277857779532
XM_022485607.1,-25.6438579795294
XM_022438956.1,-22.4732793226635
XM_022431104.1,-6.1331954065288
XM_022448466.1,-3.19725964697105
XM_022464878.1,-34.9796589099193
XM_022468691.1,-1.14442986535673
XM_022440261.1,-4.68872572309525
XM_022450066.1,-55.2715358540176
XM_022476057.1,-54.8991179557354
XM_022465240.1,-9.46469096187748
XM_022484268.1,-28.0729976785478
XM_022465866.1,-5.04387346241107
XM_022442371.1,-10.5482812356803
XM_022433328.1,-28.8277763629321
XM_022465660.1,-11.0533623992221
XM_022473310.1,-31.7744794546769
XM_022473924.1,-17.7512992432177
XM_022464554.1,-1.93380402478362
XM_022486142.1,-15.8684387066565
XM_022474205.1,-5.2875776443759
XM_022432742.1,-86.0045176323672
XM_022490323.1,-13.3707285874792
XM_022435122.1,-27.3569434147114
XM_022488080.1,-13.6237701646706
XM_022459538.1,-20.7419078240461
XM_022476158.1,-42.7778970378096
XM_022461447.1,-48.2866077438648
XM_022442215.1,-151.502218171749
XM_022468201.1,-17.0781355740825
XM_022461735.1,-23.2099412100036
XM_022470977.1,-77.9909446556633
XM_022440562.1,-32.4609297494019
XM_022460831.1,-109.554199506625
XM_022481047.1,-9.97954668851102
XM_022473178.1,-3.7993691013062
XM_022440915.1,-18.1108664069765
XM_022459053.1,-94.0284452412737
XM_022470586.1,-16.131607425229
XM_022460715.1,-26.3704382314034
XM_022431171.1,-12.7902391511235
XM_022446576.1,-33.4021547033525
XM_022477257.1,-44.7326429867799
XM_022439149.1,-12.3642675254549
XM_022431623.1,-59.5739743087899
XM_022447662.1,-6.92330078668431
XM_022437897.1,-0.616024670979067
XM_022477125.1,-21.3983621196712
XM_022459018.1,-77.0259547028715
XM_022476726.1,-10.1858149203754
XM_022434457.1,-20.3730280672287
XM_022485837.1,-8.38523816560528
XM_022430584.1,-50.7743355075946
XM_022489214.1,-29.9378579347124
XM_022473387.1,-9.06621405431377
XM_022437138.1,-51.4071685814864
XM_022445994.1,-28.9949940637743
XM_022460110.1,-85.4518309417797
XM_022464948.1,-0.327455034066177
XM_022470277.1,-43.2946602450201
XM_022472155.1,-42.1989062778057
XM_022476414.1,-17.3358165284403
XM_022434812.1,-10.7263781093224
XM_022465492.1,-16.5453595353431
XM_022476575.1,-17.4685731624239
XM_022481701.1,-7.26525856590221
XM_022457919.1,-5.1855822502254
XM_022444965.1,-1.92152743813804
XM_022445434.1,-31.785623454763
XM_022434368.1,-15.1626318993759
XM_022477743.1,-19.7136825957604
XM_022467670.1,-16.5718935453491
XM_022483039.1,-39.2653841989136
XM_022483266.1,-22.6559618781569
XM_022436139.1,-12.9348192320982
XM_022454612.1,-12.2257452892746
XM_022485701.1,-6.92122012451326
XM_022432705.1,-1.62260674210245
XM_022438344.1,-33.0482148155649
XM_022437994.1,-12.8307555209364
XM_022453332.1,-18.520286627093
XM_022440861.1,-74.5161868025643
XM_022477758.1,-8.71346114872509
XM_022444198.1,-32.8408537247789
XM_022447392.1,-0.416409024904406
XM_022442745.1,-6.26641362924358
XM_022483058.1,-17.0629489364945
XM_022431793.1,-29.6911840891757
XM_022477705.1,-1.77183273198677
XM_022470919.1,-6.44754065610306
XM_022445752.1,-24.9318878864458
XM_022441015.1,-6.45517951152161
XM_022430483.1,-43.4489492134556
XM_022476693.1,-12.6497677976664
XM_022465019.1,-9.37977492406871
XM_022480579.1,-18.5502988890417
XM_022479178.1,-4.08313818883755
XM_022469292.1,-39.7044858701303
XM_022473567.1,-41.1716081466397
XM_022446417.1,-5.83281872842987
XM_022441649.1,-76.8551833586922
XM_022433304.1,-3.9233595215924
XM_022460604.1,-38.3740777397038
XM_022438273.1,-17.702279644949
XM_022452609.1,-19.4473989736507
XM_022477990.1,-110.026707671424
XM_022461214.1,-16.0298787509037
XM_022458448.1,-37.5427826032552
XM_022441869.1,-21.8622399135461
XM_022470895.1,-2.6873180059881
XM_022432755.1,-56.7496723300443
XM_022436121.1,-3.29989094267926
XM_022483930.1,-6.64023892473606
XM_022470364.1,-47.0134887745429
XM_022483037.1,-39.2653841989136
XM_022480669.1,-8.6363557406641
XM_022468189.1,-22.1856372460395
XM_022437258.1,-25.9879853846076
XM_022449440.1,-0.976055067592813
XM_022436690.1,-8.63309462339962
XM_022469971.1,-7.48192564783107
XM_022482534.1,-52.3205496944532
XM_022437275.1,-2.57641501764649
XM_022444254.1,-8.62412382795787
XM_022473822.1,-26.9559732441358
XM_022460150.1,-2.2506380123713
XM_022470454.1,-4.5881813175226
XM_022432175.1,-28.4221253962968
XM_022452925.1,-12.2049197104154
XM_022439602.1,-37.2949594687457
XM_022473463.1,-2.56876819996738
XM_022459170.1,-23.0403223374763
XM_022476428.1,-5.80423505396144
XM_022473482.1,-0.688819558240223
XM_022461045.1,-66.9123571507801
XM_022438878.1,-9.10147341108912
XM_022451197.1,-20.8459730514963
XM_022459201.1,-0.842964297184149
XM_022458097.1,-2.77723871672623
XM_022446268.1,-18.5573529494842
XM_022467672.1,-16.5718935453491
XM_022464724.1,-16.3111101742911
XM_022488232.1,-6.2775239368218
XM_022461299.1,-1.33118591369271
XM_022466576.1,-1.16614568998568
XM_022458344.1,-4.95619568953767
XM_022483853.1,-41.9360226745331
XM_022481263.1,-28.7782847184062
XM_022477435.1,-17.1601707186868
XM_022444052.1,-19.5671651333391
XM_022440218.1,-28.9917463706422
XM_022479648.1,-30.1939896365434
XM_022471362.1,-64.8568641645589
XM_022457554.1,-10.4774510787641
XM_022478528.1,-1.16199723542853
XM_022460832.1,-109.554199506625
XM_022460294.1,-35.4715850496341
XM_022447866.1,-85.3371438046622
XM_022460210.1,-1.14019363392217
XM_022475533.1,-23.7376817680768
XM_022467020.1,-76.5012407112176
XM_022476011.1,-24.1012127185335
XM_022489090.1,-6.96456385990311
XM_022443175.1,-46.4276245736491
XM_022489268.1,-66.0099822966256
XM_022459056.1,-53.6803801201569
XM_022484595.1,-0.6180000057073
XM_022473527.1,-8.59722335750175
XM_022484191.1,-13.4911557271794
XM_022471018.1,-0.463440255384083
XM_022437011.1,-9.87326566921057
XM_022468437.1,-6.54642040938163
XM_022460149.1,-10.03108935995
XM_022487405.1,-7.42793955867543
XM_022471824.1,-10.923304927086
XM_022480682.1,-4.19521185421205
XM_022453426.1,-29.476029474685
XM_022472613.1,-8.16927739706885
XM_022432288.1,-26.921785058259
XM_022432204.1,-14.164513861475
XM_022477111.1,-21.9895478270035
XM_022457908.1,-14.7958673892514
XM_022476625.1,-31.0037736164999
XM_022473223.1,-36.1680762564005
XM_022477028.1,-1.0742307488461
XM_022445564.1,-16.6721646010817
XM_022430545.1,-15.4500088756162
XM_022439306.1,-131.197821361833
XM_022469696.1,-4.09125733262324
XM_022435213.1,-14.513100593404
XM_022474677.1,-36.8212177423254
XM_022487006.1,-17.7068896234323
XM_022442879.1,-25.9238958514044
XM_022457464.1,-26.6843637528547
XM_022487399.1,-3.44902447972866
XM_022459004.1,-66.7312647362779
XM_022459031.1,-29.3054152367194
XM_022447556.1,-4.16925670378723
XM_022441648.1,-76.8551833586922
XM_022467700.1,-22.0055029312685
XM_022475605.1,-18.768743168057
XM_022486708.1,-48.9305935862257
XM_022460530.1,-31.9348889085977
XM_022479682.1,-0.588748066900953
XM_022476417.1,-30.3448418847768
XM_022438392.1,-7.25948660561542
XM_022481990.1,-13.4472130188198
XM_022433297.1,-15.6612969492746
XM_022460102.1,-17.5310173951305
XM_022457576.1,-7.06269383576962
XM_022473819.1,-126.463637355215
XM_022456347.1,-7.05182208901816
XM_022484742.1,-7.89603004785033
XM_022436818.1,-10.9586783483094
XM_022486627.1,-142.363620012869
XM_022437263.1,-19.3292818667971
XM_022432509.1,-11.0611857349701
XM_022477699.1,-7.06163189636794
XM_022482330.1,-49.5679152215315
XM_022448397.1,-14.9990139638713
XM_022476708.1,-93.1386922560753
XM_022465151.1,-37.3691808575704
XM_022443474.1,-59.8054176573787
XM_022464275.1,-11.9972966145018
XM_022487362.1,-19.6294456788833
XM_022488226.1,-19.3170744902371
XM_022443698.1,-4.59504264311513
XM_022446727.1,-107.614188439701
XM_022479490.1,-13.1209628585888
XM_022490344.1,-49.6937316981386
XM_022477935.1,-40.7205306403018
XM_022468872.1,-48.5871760885043
XM_022474312.1,-16.3819898451717
XM_022489492.1,-151.592068749138
XM_022474481.1,-4.5235164689949
XM_022476279.1,-21.3862297500896
XM_022438159.1,-29.6802850177601
XM_022457644.1,-74.2141333526523
XM_022449999.1,-52.8806598217511
XM_022450491.1,-15.5087633253488
XM_022469157.1,-16.9843163237923
XM_022461749.1,-117.772548822073
XM_022487974.1,-67.3736330405643
XM_022452579.1,-56.0237503057914
XM_022442106.1,-174.355796512815
XM_022434540.1,-33.2950795425872
XM_022476345.1,-54.5864512636738
XM_022442894.1,-91.6254957869936
XM_022475005.1,-4.33957575950032
XM_022469556.1,-16.1527802677702
XM_022468709.1,-6.39708666754194
XM_022472696.1,-15.2741584312034
XM_022446996.1,-13.3419762937518
XM_022462157.1,-28.8708128261209
XM_022489155.1,-8.88139712145936
XM_022467896.1,-2.53326283014203
XM_022453021.1,-26.4853550904437
XM_022471432.1,-12.079422549815
XM_022469598.1,-6.54065269237907
XM_022466005.1,-2.23857890101851
XM_022462342.1,-2.15227119277265
XM_022457636.1,-8.01608038471205
XM_022480963.1,-37.2537077167139
XM_022437771.1,-17.4486056974359
XM_022439392.1,-9.33769669819936
XM_022441321.1,-51.3747878519082
XM_022481214.1,-21.1843666540923
XM_022489000.1,-25.3757451593671
XM_022468151.1,-27.2246670697096
XM_022475299.1,-32.7422388588462
XM_022484856.1,-17.026251560404
XM_022433869.1,-19.1860204093069
XM_022444498.1,-46.40958524798
XM_022450633.1,-3.34683761371415
XM_022477362.1,-13.7591888273795
XM_022488057.1,-21.6266265233139
XM_022448430.1,-15.0491140471152
XM_022463983.1,-18.084479972746
XM_022430708.1,-20.2275061363928
XM_022467770.1,-35.8988978737266
XM_022486118.1,-4.98433558333632
XM_022437408.1,-98.2132554850077
XM_022440353.1,-21.23389597982
XM_022482623.1,-54.9121448034775
XM_022481452.1,-9.69939357773203
XM_022461174.1,-2.03911759116291
XM_022441546.1,-15.4777007232853
XM_022441808.1,-3.63209013060167
XM_022473306.1,-12.5870718984628
XM_022478514.1,-17.6152621332113
XM_022473311.1,-27.5578505830337
XM_022432916.1,-8.89657908773157
XM_022474953.1,-76.2279664263384
