name	term	lev	seq	value
"anion channel activity"	GO:0005254;GO:0005253;GO:0015108	4	XM_022465660.1	-11.0533623992221
"anion channel activity"	GO:0005254;GO:0005253;GO:0015108	4	XM_022462671.1	12.7990465810879
"anion channel activity"	GO:0005254;GO:0005253;GO:0015108	4	XM_022458721.1	29.7861280264904
"anion channel activity"	GO:0005254;GO:0005253;GO:0015108	4	XM_022469979.1	9.02235654281263
"anion channel activity"	GO:0005254;GO:0005253;GO:0015108	4	XM_022431845.1	15.9554471798514
"phospholipid binding"	GO:0005543	2	XM_022462222.1	-15.6186479105138
"phospholipid binding"	GO:0005543	2	XM_022436333.1	19.060741478782
"phospholipid binding"	GO:0005543	2	XM_022468437.1	-6.54642040938163
"phospholipid binding"	GO:0005543	2	XM_022480852.1	43.5736880780862
"phospholipid binding"	GO:0005543	2	XM_022471316.1	34.9674412479908
"transcription regulator activity"	GO:0140110	1	XM_022471417.1	-7.94230040758585
"transcription regulator activity"	GO:0140110	1	XM_022474723.1	35.0090366970941
"transcription regulator activity"	GO:0140110	1	XM_022452745.1	-26.4664644198443
"transcription regulator activity"	GO:0140110	1	XM_022432315.1	19.6845985469242
"transcription regulator activity"	GO:0140110	1	XM_022461674.1	2.14107612333405
"transcription regulator activity"	GO:0140110	1	XM_022475351.1	-19.2861704775968
"transcription regulator activity"	GO:0140110	1	XM_022472183.1	-3.97520724402044
"transcription regulator activity"	GO:0140110	1	XM_022484054.1	-8.69589530629988
"transcription regulator activity"	GO:0140110	1	XM_022431715.1	-1.70934278167595
"transcription regulator activity"	GO:0140110	1	XM_022440157.1	59.9127140950199
"transcription regulator activity"	GO:0140110	1	XM_022460831.1	-109.554199506625
"transcription regulator activity"	GO:0140110	1	XM_022447662.1	-6.92330078668431
"transcription regulator activity"	GO:0140110	1	XM_022474836.1	19.5013500746143
"transcription regulator activity"	GO:0140110	1	XM_022477758.1	-8.71346114872509
"transcription regulator activity"	GO:0140110	1	XM_022465019.1	-9.37977492406871
"transcription regulator activity"	GO:0140110	1	XM_022469222.1	17.4113777431773
"transcription regulator activity"	GO:0140110	1	XM_022471362.1	-64.8568641645589
"transcription regulator activity"	GO:0140110	1	XM_022471844.1	27.7394927995878
"transcription regulator activity"	GO:0140110	1	XM_022469631.1	6.36444716993908
"transcription regulator activity"	GO:0140110	1	XM_022443388.1	16.3433618284504
"transcription regulator activity"	GO:0140110	1	XM_022430705.1	35.9508781197251
"transporter activity"	GO:0015075;GO:0015318;GO:0022857;GO:0005215	3	XM_022434062.1	-38.1306195235037
"transporter activity"	GO:0015075;GO:0015318;GO:0022857;GO:0005215	3	XM_022473983.1	-67.7003370146347
"transporter activity"	GO:0015075;GO:0015318;GO:0022857;GO:0005215	3	XM_022476787.1	6.04886953252067
"transporter activity"	GO:0015075;GO:0015318;GO:0022857;GO:0005215	3	XM_022467456.1	-33.299382683714
"transporter activity"	GO:0015075;GO:0015318;GO:0022857;GO:0005215	3	XM_022466353.1	27.1261234277055
"transporter activity"	GO:0015075;GO:0015318;GO:0022857;GO:0005215	3	XM_022430379.1	-5.54423708675451
"transporter activity"	GO:0015075;GO:0015318;GO:0022857;GO:0005215	3	XM_022439268.1	-12.2625900883653
"transporter activity"	GO:0015075;GO:0015318;GO:0022857;GO:0005215	3	XM_022437780.1	88.9659635722992
"transporter activity"	GO:0015075;GO:0015318;GO:0022857;GO:0005215	3	XM_022483200.1	11.665465642353
"transporter activity"	GO:0015075;GO:0015318;GO:0022857;GO:0005215	3	XM_022436487.1	-60.4401460965039
"transporter activity"	GO:0015075;GO:0015318;GO:0022857;GO:0005215	3	XM_022443817.1	-45.4881412914048
"transporter activity"	GO:0015075;GO:0015318;GO:0022857;GO:0005215	3	XM_022465660.1	-11.0533623992221
"transporter activity"	GO:0015075;GO:0015318;GO:0022857;GO:0005215	3	XM_022462671.1	12.7990465810879
"transporter activity"	GO:0015075;GO:0015318;GO:0022857;GO:0005215	3	XM_022470903.1	39.7962605030019
"transporter activity"	GO:0015075;GO:0015318;GO:0022857;GO:0005215	3	XM_022464734.1	108.18834800036
"transporter activity"	GO:0015075;GO:0015318;GO:0022857;GO:0005215	3	XM_022480579.1	-18.5502988890417
"transporter activity"	GO:0015075;GO:0015318;GO:0022857;GO:0005215	3	XM_022458721.1	29.7861280264904
"transporter activity"	GO:0015075;GO:0015318;GO:0022857;GO:0005215	3	XM_022444052.1	-19.5671651333391
"transporter activity"	GO:0015075;GO:0015318;GO:0022857;GO:0005215	3	XM_022475533.1	-23.7376817680768
"transporter activity"	GO:0015075;GO:0015318;GO:0022857;GO:0005215	3	XM_022469979.1	9.02235654281263
"transporter activity"	GO:0015075;GO:0015318;GO:0022857;GO:0005215	3	XM_022431845.1	15.9554471798514
"transporter activity"	GO:0015075;GO:0015318;GO:0022857;GO:0005215	3	XM_022462977.1	-9.92668289659267
"transporter activity"	GO:0015075;GO:0015318;GO:0022857;GO:0005215	3	XM_022457001.1	3.21691375099467
"transporter activity"	GO:0015075;GO:0015318;GO:0022857;GO:0005215	3	XM_022490323.1	-13.3707285874792
"transporter activity"	GO:0015075;GO:0015318;GO:0022857;GO:0005215	3	XM_022465452.1	13.0416086156092
"molecular function regulator"	GO:0098772	1	XM_022483724.1	5.8629675558424
"molecular function regulator"	GO:0098772	1	XM_022444060.1	-122.611522169894
"molecular function regulator"	GO:0098772	1	XM_022453502.1	-20.4429792941334
"molecular function regulator"	GO:0098772	1	XM_022455672.1	-5.86542308410763
"molecular function regulator"	GO:0098772	1	XM_022436372.1	60.4493888694649
"molecular function regulator"	GO:0098772	1	XM_022465248.1	9.45728045310788
"molecular function regulator"	GO:0098772	1	XM_022433764.1	78.5789930683958
"molecular function regulator"	GO:0098772	1	XM_022475639.1	36.7879430033344
"molecular function regulator"	GO:0098772	1	XM_022468427.1	196.8121902736
"molecular function regulator"	GO:0098772	1	XM_022470977.1	-77.9909446556633
"molecular function regulator"	GO:0098772	1	XM_022458782.1	12.0407614480436
"molecular function regulator"	GO:0098772	1	XM_022483039.1	-39.2653841989136
"molecular function regulator"	GO:0098772	1	XM_022432705.1	-1.62260674210245
"molecular function regulator"	GO:0098772	1	XM_022480436.1	21.1840290902676
"molecular function regulator"	GO:0098772	1	XM_022446417.1	-5.83281872842987
"molecular function regulator"	GO:0098772	1	XM_022437377.1	48.2224151866688
"molecular function regulator"	GO:0098772	1	XM_022468438.1	69.0757643899622
"molecular function regulator"	GO:0098772	1	XM_022483853.1	-41.9360226745331
"molecular function regulator"	GO:0098772	1	XM_022479648.1	-30.1939896365434
"molecular function regulator"	GO:0098772	1	XM_022443698.1	-4.59504264311513
"molecular function regulator"	GO:0098772	1	XM_022474312.1	-16.3819898451717
"molecular function regulator"	GO:0098772	1	XM_022484856.1	-17.026251560404
"molecular function regulator"	GO:0098772	1	XM_022478514.1	-17.6152621332113
"magnesium ion binding"	GO:0000287	2	XM_022468623.1	-16.2739684794995
"magnesium ion binding"	GO:0000287	2	XM_022466196.1	12.6064335025202
"magnesium ion binding"	GO:0000287	2	XM_022433072.1	33.3314636743197
"magnesium ion binding"	GO:0000287	2	XM_022451918.1	8.52128454961952
"magnesium ion binding"	GO:0000287	2	XM_022474437.1	-19.3012445994035
"magnesium ion binding"	GO:0000287	2	XM_022440915.1	-18.1108664069765
"magnesium ion binding"	GO:0000287	2	XM_022485837.1	-8.38523816560528
"magnesium ion binding"	GO:0000287	2	XM_022460609.1	18.3246608160788
"magnesium ion binding"	GO:0000287	2	XM_022478975.1	14.6481046505267
"magnesium ion binding"	GO:0000287	2	XM_022464197.1	3.40561181093339
"magnesium ion binding"	GO:0000287	2	XM_022431473.1	50.1582809597714
"DNA-binding transcription factor activity"	GO:0003700	2	XM_022474723.1	35.0090366970941
"DNA-binding transcription factor activity"	GO:0003700	2	XM_022452745.1	-26.4664644198443
"DNA-binding transcription factor activity"	GO:0003700	2	XM_022432315.1	19.6845985469242
"DNA-binding transcription factor activity"	GO:0003700	2	XM_022475351.1	-19.2861704775968
"DNA-binding transcription factor activity"	GO:0003700	2	XM_022472183.1	-3.97520724402044
"DNA-binding transcription factor activity"	GO:0003700	2	XM_022431715.1	-1.70934278167595
"DNA-binding transcription factor activity"	GO:0003700	2	XM_022440157.1	59.9127140950199
"DNA-binding transcription factor activity"	GO:0003700	2	XM_022474836.1	19.5013500746143
"DNA-binding transcription factor activity"	GO:0003700	2	XM_022477758.1	-8.71346114872509
"DNA-binding transcription factor activity"	GO:0003700	2	XM_022471844.1	27.7394927995878
"DNA-binding transcription factor activity"	GO:0003700	2	XM_022469631.1	6.36444716993908
"DNA-binding transcription factor activity"	GO:0003700	2	XM_022443388.1	16.3433618284504
"hydrolase activity, acting on glycosyl bonds"	GO:0016798;GO:0004553	2	XM_022457586.1	-24.5789146526246
"hydrolase activity, acting on glycosyl bonds"	GO:0016798;GO:0004553	2	XM_022433151.1	4.03218587063381
"hydrolase activity, acting on glycosyl bonds"	GO:0016798;GO:0004553	2	XM_022434539.1	39.2810251716842
"hydrolase activity, acting on glycosyl bonds"	GO:0016798;GO:0004553	2	XM_022441801.1	3.81753316200772
"hydrolase activity, acting on glycosyl bonds"	GO:0016798;GO:0004553	2	XM_022444591.1	11.488564614724
"hydrolase activity, acting on glycosyl bonds"	GO:0016798;GO:0004553	2	XM_022447866.1	-85.3371438046622
"hydrolase activity, acting on glycosyl bonds"	GO:0016798;GO:0004553	2	XM_022459293.1	14.198071236695
"hydrolase activity, acting on glycosyl bonds"	GO:0016798;GO:0004553	2	XM_022441808.1	-3.63209013060167
"calcium ion binding"	GO:0005509	2	XM_022437140.1	-51.4071685814864
"calcium ion binding"	GO:0005509	2	XM_022483300.1	-14.1341755488966
"calcium ion binding"	GO:0005509	2	XM_022468691.1	-1.14442986535673
"calcium ion binding"	GO:0005509	2	XM_022488672.1	3.39462661649942
"calcium ion binding"	GO:0005509	2	XM_022437138.1	-51.4071685814864
"calcium ion binding"	GO:0005509	2	XM_022442745.1	-6.26641362924358
"calcium ion binding"	GO:0005509	2	XM_022479178.1	-4.08313818883755
"calcium ion binding"	GO:0005509	2	XM_022469292.1	-39.7044858701303
"calcium ion binding"	GO:0005509	2	XM_022438273.1	-17.702279644949
"calcium ion binding"	GO:0005509	2	XM_022470364.1	-47.0134887745429
"calcium ion binding"	GO:0005509	2	XM_022451197.1	-20.8459730514963
"calcium ion binding"	GO:0005509	2	XM_022487179.1	31.3999590111731
"calcium ion binding"	GO:0005509	2	XM_022459056.1	-53.6803801201569
"calcium ion binding"	GO:0005509	2	XM_022463755.1	22.9437024409814
"calcium ion binding"	GO:0005509	2	XM_022459004.1	-66.7312647362779
"calcium ion binding"	GO:0005509	2	XM_022449900.1	2.65329742014484
"motor activity"	GO:0003774	5	XM_022452517.1	-2.27630836991583
"motor activity"	GO:0003774	5	XM_022486910.1	-16.4673752933871
"motor activity"	GO:0003774	5	XM_022447806.1	61.8971463385036
"motor activity"	GO:0003774	5	XM_022479149.1	17.638143600815
"motor activity"	GO:0003774	5	XM_022475537.1	18.4161171729011
"endopeptidase activity"	GO:0004175	5	XM_022454215.1	3.89788245591498
"endopeptidase activity"	GO:0004175	5	XM_022476305.1	38.9480065117714
"endopeptidase activity"	GO:0004175	5	XM_022475011.1	101.884197823589
"endopeptidase activity"	GO:0004175	5	XM_022446576.1	-33.4021547033525
"endopeptidase activity"	GO:0004175	5	XM_022446334.1	9.37957758338188
"cysteine-type peptidase activity"	GO:0008234	3	XM_022446576.1	-33.4021547033525
"cysteine-type peptidase activity"	GO:0008234	3	XM_022443060.1	19.0538256139384
"cysteine-type peptidase activity"	GO:0008234	3	XM_022489268.1	-66.0099822966256
"cysteine-type peptidase activity"	GO:0008234	3	XM_022445564.1	-16.6721646010817
"cysteine-type peptidase activity"	GO:0008234	3	XM_022472696.1	-15.2741584312034
"voltage-gated ion channel activity"	GO:0005244;GO:0022832	2	XM_022439268.1	-12.2625900883653
"voltage-gated ion channel activity"	GO:0005244;GO:0022832	2	XM_022443817.1	-45.4881412914048
"voltage-gated ion channel activity"	GO:0005244;GO:0022832	2	XM_022465660.1	-11.0533623992221
"voltage-gated ion channel activity"	GO:0005244;GO:0022832	2	XM_022462671.1	12.7990465810879
"voltage-gated ion channel activity"	GO:0005244;GO:0022832	2	XM_022444052.1	-19.5671651333391
"oxidoreductase activity, acting on the CH-OH group of donors, NAD or NADP as acceptor"	GO:0016616;GO:0016614	4	XM_022461530.1	-21.2017751370692
"oxidoreductase activity, acting on the CH-OH group of donors, NAD or NADP as acceptor"	GO:0016616;GO:0016614	4	XM_022488248.1	8.76086220620977
"oxidoreductase activity, acting on the CH-OH group of donors, NAD or NADP as acceptor"	GO:0016616;GO:0016614	4	XM_022446455.1	30.9377442125036
"oxidoreductase activity, acting on the CH-OH group of donors, NAD or NADP as acceptor"	GO:0016616;GO:0016614	4	XM_022473901.1	23.7058665086265
"oxidoreductase activity, acting on the CH-OH group of donors, NAD or NADP as acceptor"	GO:0016616;GO:0016614	4	XM_022460715.1	-26.3704382314034
"oxidoreductase activity, acting on the CH-OH group of donors, NAD or NADP as acceptor"	GO:0016616;GO:0016614	4	XM_022473567.1	-41.1716081466397
"oxidoreductase activity, acting on the CH-OH group of donors, NAD or NADP as acceptor"	GO:0016616;GO:0016614	4	XM_022488024.1	24.3671432451406
"oxidoreductase activity, acting on the CH-OH group of donors, NAD or NADP as acceptor"	GO:0016616;GO:0016614	4	XM_022488226.1	-19.3170744902371
"ATPase activity, coupled"	GO:0042623;GO:0016887	6	XM_022457632.1	6.75174604162911
"ATPase activity, coupled"	GO:0042623;GO:0016887	6	XM_022484437.1	-8.87661332852353
"ATPase activity, coupled"	GO:0042623;GO:0016887	6	XM_022460309.1	21.7988410289762
"ATPase activity, coupled"	GO:0042623;GO:0016887	6	XM_022484427.1	34.1951909458488
"ATPase activity, coupled"	GO:0042623;GO:0016887	6	XM_022483200.1	11.665465642353
"metal ion binding"	GO:0046872;GO:0043169	4	XM_022468623.1	-16.2739684794995
"metal ion binding"	GO:0046872;GO:0043169	4	XM_022466196.1	12.6064335025202
"metal ion binding"	GO:0046872;GO:0043169	4	XM_022433072.1	33.3314636743197
"metal ion binding"	GO:0046872;GO:0043169	4	XM_022451918.1	8.52128454961952
"metal ion binding"	GO:0046872;GO:0043169	4	XM_022437140.1	-51.4071685814864
"metal ion binding"	GO:0046872;GO:0043169	4	XM_022474437.1	-19.3012445994035
"metal ion binding"	GO:0046872;GO:0043169	4	XM_022483300.1	-14.1341755488966
"metal ion binding"	GO:0046872;GO:0043169	4	XM_022468691.1	-1.14442986535673
"metal ion binding"	GO:0046872;GO:0043169	4	XM_022440915.1	-18.1108664069765
"metal ion binding"	GO:0046872;GO:0043169	4	XM_022485837.1	-8.38523816560528
"metal ion binding"	GO:0046872;GO:0043169	4	XM_022488672.1	3.39462661649942
"metal ion binding"	GO:0046872;GO:0043169	4	XM_022437138.1	-51.4071685814864
"metal ion binding"	GO:0046872;GO:0043169	4	XM_022476414.1	-17.3358165284403
"metal ion binding"	GO:0046872;GO:0043169	4	XM_022442745.1	-6.26641362924358
"metal ion binding"	GO:0046872;GO:0043169	4	XM_022479178.1	-4.08313818883755
"metal ion binding"	GO:0046872;GO:0043169	4	XM_022469292.1	-39.7044858701303
"metal ion binding"	GO:0046872;GO:0043169	4	XM_022438273.1	-17.702279644949
"metal ion binding"	GO:0046872;GO:0043169	4	XM_022470364.1	-47.0134887745429
"metal ion binding"	GO:0046872;GO:0043169	4	XM_022451197.1	-20.8459730514963
"metal ion binding"	GO:0046872;GO:0043169	4	XM_022459400.1	2.39149620060248
"metal ion binding"	GO:0046872;GO:0043169	4	XM_022487179.1	31.3999590111731
"metal ion binding"	GO:0046872;GO:0043169	4	XM_022459056.1	-53.6803801201569
"metal ion binding"	GO:0046872;GO:0043169	4	XM_022460609.1	18.3246608160788
"metal ion binding"	GO:0046872;GO:0043169	4	XM_022478975.1	14.6481046505267
"metal ion binding"	GO:0046872;GO:0043169	4	XM_022463755.1	22.9437024409814
"metal ion binding"	GO:0046872;GO:0043169	4	XM_022459004.1	-66.7312647362779
"metal ion binding"	GO:0046872;GO:0043169	4	XM_022464197.1	3.40561181093339
"metal ion binding"	GO:0046872;GO:0043169	4	XM_022464275.1	-11.9972966145018
"metal ion binding"	GO:0046872;GO:0043169	4	XM_022442106.1	-174.355796512815
"metal ion binding"	GO:0046872;GO:0043169	4	XM_022449900.1	2.65329742014484
"metal ion binding"	GO:0046872;GO:0043169	4	XM_022431473.1	50.1582809597714
"small molecule binding"	GO:0000166;GO:0036094;GO:1901265;GO:0097367;GO:0043168;GO:0032555;GO:0017076;GO:0032553	2	XM_022479829.1	-29.4646575109212
"small molecule binding"	GO:0000166;GO:0036094;GO:1901265;GO:0097367;GO:0043168;GO:0032555;GO:0017076;GO:0032553	2	XM_022435157.1	-32.3025009906459
"small molecule binding"	GO:0000166;GO:0036094;GO:1901265;GO:0097367;GO:0043168;GO:0032555;GO:0017076;GO:0032553	2	XM_022469989.1	-8.38574001929675
"small molecule binding"	GO:0000166;GO:0036094;GO:1901265;GO:0097367;GO:0043168;GO:0032555;GO:0017076;GO:0032553	2	XM_022487209.1	1.83164502734178
"small molecule binding"	GO:0000166;GO:0036094;GO:1901265;GO:0097367;GO:0043168;GO:0032555;GO:0017076;GO:0032553	2	XM_022487501.1	-4.18777518949246
"small molecule binding"	GO:0000166;GO:0036094;GO:1901265;GO:0097367;GO:0043168;GO:0032555;GO:0017076;GO:0032553	2	XM_022449726.1	9.37397144909269
"small molecule binding"	GO:0000166;GO:0036094;GO:1901265;GO:0097367;GO:0043168;GO:0032555;GO:0017076;GO:0032553	2	XM_022435315.1	23.9537396593253
"small molecule binding"	GO:0000166;GO:0036094;GO:1901265;GO:0097367;GO:0043168;GO:0032555;GO:0017076;GO:0032553	2	XM_022443673.1	-20.069446975329
"small molecule binding"	GO:0000166;GO:0036094;GO:1901265;GO:0097367;GO:0043168;GO:0032555;GO:0017076;GO:0032553	2	XM_022487704.1	-6.24028084118325
"small molecule binding"	GO:0000166;GO:0036094;GO:1901265;GO:0097367;GO:0043168;GO:0032555;GO:0017076;GO:0032553	2	XM_022440802.1	-22.831097799691
"small molecule binding"	GO:0000166;GO:0036094;GO:1901265;GO:0097367;GO:0043168;GO:0032555;GO:0017076;GO:0032553	2	XM_022467055.1	8.75345427763342
"small molecule binding"	GO:0000166;GO:0036094;GO:1901265;GO:0097367;GO:0043168;GO:0032555;GO:0017076;GO:0032553	2	XM_022486261.1	-11.8731091287018
"small molecule binding"	GO:0000166;GO:0036094;GO:1901265;GO:0097367;GO:0043168;GO:0032555;GO:0017076;GO:0032553	2	XM_022462836.1	4.85212588449112
"small molecule binding"	GO:0000166;GO:0036094;GO:1901265;GO:0097367;GO:0043168;GO:0032555;GO:0017076;GO:0032553	2	XM_022435410.1	-45.898878632157
"small molecule binding"	GO:0000166;GO:0036094;GO:1901265;GO:0097367;GO:0043168;GO:0032555;GO:0017076;GO:0032553	2	XM_022443835.1	13.9893919136763
"small molecule binding"	GO:0000166;GO:0036094;GO:1901265;GO:0097367;GO:0043168;GO:0032555;GO:0017076;GO:0032553	2	XM_022471449.1	-14.1277857779532
"small molecule binding"	GO:0000166;GO:0036094;GO:1901265;GO:0097367;GO:0043168;GO:0032555;GO:0017076;GO:0032553	2	XM_022485607.1	-25.6438579795294
"small molecule binding"	GO:0000166;GO:0036094;GO:1901265;GO:0097367;GO:0043168;GO:0032555;GO:0017076;GO:0032553	2	XM_022479471.1	52.1300593909872
"small molecule binding"	GO:0000166;GO:0036094;GO:1901265;GO:0097367;GO:0043168;GO:0032555;GO:0017076;GO:0032553	2	XM_022473049.1	26.5000836284875
"small molecule binding"	GO:0000166;GO:0036094;GO:1901265;GO:0097367;GO:0043168;GO:0032555;GO:0017076;GO:0032553	2	XM_022434678.1	16.301641516913
"small molecule binding"	GO:0000166;GO:0036094;GO:1901265;GO:0097367;GO:0043168;GO:0032555;GO:0017076;GO:0032553	2	XM_022463579.1	1.16892488775542
"small molecule binding"	GO:0000166;GO:0036094;GO:1901265;GO:0097367;GO:0043168;GO:0032555;GO:0017076;GO:0032553	2	XM_022449758.1	22.8098971632956
"small molecule binding"	GO:0000166;GO:0036094;GO:1901265;GO:0097367;GO:0043168;GO:0032555;GO:0017076;GO:0032553	2	XM_022473178.1	-3.7993691013062
"small molecule binding"	GO:0000166;GO:0036094;GO:1901265;GO:0097367;GO:0043168;GO:0032555;GO:0017076;GO:0032553	2	XM_022475362.1	17.9304701573981
"small molecule binding"	GO:0000166;GO:0036094;GO:1901265;GO:0097367;GO:0043168;GO:0032555;GO:0017076;GO:0032553	2	XM_022430584.1	-50.7743355075946
"small molecule binding"	GO:0000166;GO:0036094;GO:1901265;GO:0097367;GO:0043168;GO:0032555;GO:0017076;GO:0032553	2	XM_022444395.1	57.2286502107829
"small molecule binding"	GO:0000166;GO:0036094;GO:1901265;GO:0097367;GO:0043168;GO:0032555;GO:0017076;GO:0032553	2	XM_022470895.1	-2.6873180059881
"small molecule binding"	GO:0000166;GO:0036094;GO:1901265;GO:0097367;GO:0043168;GO:0032555;GO:0017076;GO:0032553	2	XM_022432755.1	-56.7496723300443
"small molecule binding"	GO:0000166;GO:0036094;GO:1901265;GO:0097367;GO:0043168;GO:0032555;GO:0017076;GO:0032553	2	XM_022431962.1	9.21159255563101
"small molecule binding"	GO:0000166;GO:0036094;GO:1901265;GO:0097367;GO:0043168;GO:0032555;GO:0017076;GO:0032553	2	XM_022470122.1	3.61542046393204
"small molecule binding"	GO:0000166;GO:0036094;GO:1901265;GO:0097367;GO:0043168;GO:0032555;GO:0017076;GO:0032553	2	XM_022469832.1	5.67435397216544
"small molecule binding"	GO:0000166;GO:0036094;GO:1901265;GO:0097367;GO:0043168;GO:0032555;GO:0017076;GO:0032553	2	XM_022431627.1	14.7084507970002
"small molecule binding"	GO:0000166;GO:0036094;GO:1901265;GO:0097367;GO:0043168;GO:0032555;GO:0017076;GO:0032553	2	XM_022439306.1	-131.197821361833
"small molecule binding"	GO:0000166;GO:0036094;GO:1901265;GO:0097367;GO:0043168;GO:0032555;GO:0017076;GO:0032553	2	XM_022486708.1	-48.9305935862257
"small molecule binding"	GO:0000166;GO:0036094;GO:1901265;GO:0097367;GO:0043168;GO:0032555;GO:0017076;GO:0032553	2	XM_022479682.1	-0.588748066900953
"small molecule binding"	GO:0000166;GO:0036094;GO:1901265;GO:0097367;GO:0043168;GO:0032555;GO:0017076;GO:0032553	2	XM_022433297.1	-15.6612969492746
"small molecule binding"	GO:0000166;GO:0036094;GO:1901265;GO:0097367;GO:0043168;GO:0032555;GO:0017076;GO:0032553	2	XM_022477699.1	-7.06163189636794
"small molecule binding"	GO:0000166;GO:0036094;GO:1901265;GO:0097367;GO:0043168;GO:0032555;GO:0017076;GO:0032553	2	XM_022468872.1	-48.5871760885043
"small molecule binding"	GO:0000166;GO:0036094;GO:1901265;GO:0097367;GO:0043168;GO:0032555;GO:0017076;GO:0032553	2	XM_022457468.1	20.0504596385696
"small molecule binding"	GO:0000166;GO:0036094;GO:1901265;GO:0097367;GO:0043168;GO:0032555;GO:0017076;GO:0032553	2	XM_022430708.1	-20.2275061363928
"small molecule binding"	GO:0000166;GO:0036094;GO:1901265;GO:0097367;GO:0043168;GO:0032555;GO:0017076;GO:0032553	2	XM_022451388.1	53.5124574076798
"small molecule binding"	GO:0000166;GO:0036094;GO:1901265;GO:0097367;GO:0043168;GO:0032555;GO:0017076;GO:0032553	2	XM_022435808.1	3.05975721992699
"small molecule binding"	GO:0000166;GO:0036094;GO:1901265;GO:0097367;GO:0043168;GO:0032555;GO:0017076;GO:0032553	2	XM_022476046.1	-54.4989479019449
"small molecule binding"	GO:0000166;GO:0036094;GO:1901265;GO:0097367;GO:0043168;GO:0032555;GO:0017076;GO:0032553	2	XM_022467452.1	59.7766315856141
"small molecule binding"	GO:0000166;GO:0036094;GO:1901265;GO:0097367;GO:0043168;GO:0032555;GO:0017076;GO:0032553	2	XM_022462222.1	-15.6186479105138
"small molecule binding"	GO:0000166;GO:0036094;GO:1901265;GO:0097367;GO:0043168;GO:0032555;GO:0017076;GO:0032553	2	XM_022436333.1	19.060741478782
"small molecule binding"	GO:0000166;GO:0036094;GO:1901265;GO:0097367;GO:0043168;GO:0032555;GO:0017076;GO:0032553	2	XM_022468437.1	-6.54642040938163
"small molecule binding"	GO:0000166;GO:0036094;GO:1901265;GO:0097367;GO:0043168;GO:0032555;GO:0017076;GO:0032553	2	XM_022480852.1	43.5736880780862
"small molecule binding"	GO:0000166;GO:0036094;GO:1901265;GO:0097367;GO:0043168;GO:0032555;GO:0017076;GO:0032553	2	XM_022471316.1	34.9674412479908
"enzyme regulator activity"	GO:0030234	2	XM_022483724.1	5.8629675558424
"enzyme regulator activity"	GO:0030234	2	XM_022453502.1	-20.4429792941334
"enzyme regulator activity"	GO:0030234	2	XM_022455672.1	-5.86542308410763
"enzyme regulator activity"	GO:0030234	2	XM_022436372.1	60.4493888694649
"enzyme regulator activity"	GO:0030234	2	XM_022433764.1	78.5789930683958
"enzyme regulator activity"	GO:0030234	2	XM_022475639.1	36.7879430033344
"enzyme regulator activity"	GO:0030234	2	XM_022470977.1	-77.9909446556633
"enzyme regulator activity"	GO:0030234	2	XM_022432705.1	-1.62260674210245
"enzyme regulator activity"	GO:0030234	2	XM_022446417.1	-5.83281872842987
"enzyme regulator activity"	GO:0030234	2	XM_022483853.1	-41.9360226745331
"enzyme regulator activity"	GO:0030234	2	XM_022474312.1	-16.3819898451717
"enzyme regulator activity"	GO:0030234	2	XM_022478514.1	-17.6152621332113
"oxidoreductase activity"	GO:0016491	2	XM_022431023.1	11.1767261227242
"oxidoreductase activity"	GO:0016491	2	XM_022486654.1	17.3133789849884
"oxidoreductase activity"	GO:0016491	2	XM_022461530.1	-21.2017751370692
"oxidoreductase activity"	GO:0016491	2	XM_022484644.1	84.1341656666789
"oxidoreductase activity"	GO:0016491	2	XM_022431025.1	27.8031272680936
"oxidoreductase activity"	GO:0016491	2	XM_022477792.1	28.4589029269992
"oxidoreductase activity"	GO:0016491	2	XM_022458143.1	-20.337611676169
"oxidoreductase activity"	GO:0016491	2	XM_022488248.1	8.76086220620977
"oxidoreductase activity"	GO:0016491	2	XM_022446455.1	30.9377442125036
"oxidoreductase activity"	GO:0016491	2	XM_022432626.1	6.08954319558771
"oxidoreductase activity"	GO:0016491	2	XM_022476571.1	-16.8329348105158
"oxidoreductase activity"	GO:0016491	2	XM_022472113.1	-10.2957902662721
"oxidoreductase activity"	GO:0016491	2	XM_022437615.1	-68.2557991366712
"oxidoreductase activity"	GO:0016491	2	XM_022433728.1	13.4926990629789
"oxidoreductase activity"	GO:0016491	2	XM_022442371.1	-10.5482812356803
"oxidoreductase activity"	GO:0016491	2	XM_022473901.1	23.7058665086265
"oxidoreductase activity"	GO:0016491	2	XM_022468201.1	-17.0781355740825
"oxidoreductase activity"	GO:0016491	2	XM_022460715.1	-26.3704382314034
"oxidoreductase activity"	GO:0016491	2	XM_022468499.1	35.9306937353895
"oxidoreductase activity"	GO:0016491	2	XM_022462376.1	21.7643785699701
"oxidoreductase activity"	GO:0016491	2	XM_022480579.1	-18.5502988890417
"oxidoreductase activity"	GO:0016491	2	XM_022473567.1	-41.1716081466397
"oxidoreductase activity"	GO:0016491	2	XM_022452002.1	29.102691682569
"oxidoreductase activity"	GO:0016491	2	XM_022488024.1	24.3671432451406
"oxidoreductase activity"	GO:0016491	2	XM_022488226.1	-19.3170744902371
"oxidoreductase activity"	GO:0016491	2	XM_022434540.1	-33.2950795425872
"mRNA binding"	GO:0003729	3	XM_022484022.1	56.7434986237559
"mRNA binding"	GO:0003729	3	XM_022432311.1	19.6845985469242
"mRNA binding"	GO:0003729	3	XM_022436139.1	-12.9348192320982
"mRNA binding"	GO:0003729	3	XM_022458344.1	-4.95619568953767
"mRNA binding"	GO:0003729	3	XM_022457908.1	-14.7958673892514
"mRNA binding"	GO:0003729	3	XM_022432238.1	48.6400585847144
"mRNA binding"	GO:0003729	3	XM_022456347.1	-7.05182208901816
"mRNA binding"	GO:0003729	3	XM_022453220.1	6.54764115580589
"mRNA binding"	GO:0003729	3	XM_022449999.1	-52.8806598217511
"DNA binding"	GO:0003677	2	XM_022433385.1	-3.42311911668193
"DNA binding"	GO:0003677	2	XM_022474843.1	9.17432961290979
"DNA binding"	GO:0003677	2	XM_022487484.1	-32.6415698137744
"DNA binding"	GO:0003677	2	XM_022431832.1	20.7125959630462
"DNA binding"	GO:0003677	2	XM_022467871.1	-10.3436726851085
"DNA binding"	GO:0003677	2	XM_022453746.1	-28.0906874792891
"DNA binding"	GO:0003677	2	XM_022465326.1	44.0159836529581
"DNA binding"	GO:0003677	2	XM_022458639.1	-16.0536515092743
"DNA binding"	GO:0003677	2	XM_022444325.1	22.7459618944745
"DNA binding"	GO:0003677	2	XM_022457632.1	6.75174604162911
"DNA binding"	GO:0003677	2	XM_022468812.1	-26.3800992698308
"DNA binding"	GO:0003677	2	XM_022433335.1	51.8092924727056
"DNA binding"	GO:0003677	2	XM_022484437.1	-8.87661332852353
"DNA binding"	GO:0003677	2	XM_022458983.1	70.0156268142147
"DNA binding"	GO:0003677	2	XM_022460759.1	-24.8957663379105
"DNA binding"	GO:0003677	2	XM_022468435.1	-6.1522743497602
"DNA binding"	GO:0003677	2	XM_022468558.1	49.6612235177427
"DNA binding"	GO:0003677	2	XM_022447773.1	-0.468377432221159
"DNA binding"	GO:0003677	2	XM_022457675.1	4.71493739688082
"DNA binding"	GO:0003677	2	XM_022443255.1	6.90947726074208
"DNA binding"	GO:0003677	2	XM_022466326.1	34.9377425669268
"DNA binding"	GO:0003677	2	XM_022457974.1	-170.326959630675
"DNA binding"	GO:0003677	2	XM_022432099.1	20.8235618654632
"DNA binding"	GO:0003677	2	XM_022473448.1	23.7114131491868
"DNA binding"	GO:0003677	2	XM_022459018.1	-77.0259547028715
"DNA binding"	GO:0003677	2	XM_022472155.1	-42.1989062778057
"DNA binding"	GO:0003677	2	XM_022477743.1	-19.7136825957604
"DNA binding"	GO:0003677	2	XM_022481263.1	-28.7782847184062
"DNA binding"	GO:0003677	2	XM_022485530.1	14.0006863441985
"DNA binding"	GO:0003677	2	XM_022478528.1	-1.16199723542853
"DNA binding"	GO:0003677	2	XM_022461593.1	4.90627946796998
"DNA binding"	GO:0003677	2	XM_022457289.1	54.9980155038943
"DNA binding"	GO:0003677	2	XM_022483658.1	19.3510130996165
"DNA binding"	GO:0003677	2	XM_022460149.1	-10.03108935995
"DNA binding"	GO:0003677	2	XM_022463800.1	5.32066891157673
"DNA binding"	GO:0003677	2	XM_022469696.1	-4.09125733262324
"DNA binding"	GO:0003677	2	XM_022456099.1	15.171209372894
"DNA binding"	GO:0003677	2	XM_022442169.1	30.7620355709867
"DNA binding"	GO:0003677	2	XM_022481990.1	-13.4472130188198
"DNA binding"	GO:0003677	2	XM_022448434.1	11.6707003710452
"DNA binding"	GO:0003677	2	XM_022487974.1	-67.3736330405643
"DNA binding"	GO:0003677	2	XM_022432312.1	19.6845985469242
"DNA binding"	GO:0003677	2	XM_022459046.1	7.82882591642517
"lipid binding"	GO:0008289	2	XM_022476046.1	-54.4989479019449
"lipid binding"	GO:0008289	2	XM_022462222.1	-15.6186479105138
"lipid binding"	GO:0008289	2	XM_022467452.1	59.7766315856141
"lipid binding"	GO:0008289	2	XM_022436333.1	19.060741478782
"lipid binding"	GO:0008289	2	XM_022468437.1	-6.54642040938163
"lipid binding"	GO:0008289	2	XM_022480852.1	43.5736880780862
"lipid binding"	GO:0008289	2	XM_022471316.1	34.9674412479908
"transferase activity, transferring hexosyl groups"	GO:0016758	2	XM_022483281.1	3.59726080691221
"transferase activity, transferring hexosyl groups"	GO:0016758	2	XM_022431104.1	-6.1331954065288
"transferase activity, transferring hexosyl groups"	GO:0016758	2	XM_022471126.1	32.1545855088056
"transferase activity, transferring hexosyl groups"	GO:0016758	2	XM_022449294.1	12.2146650547764
"transferase activity, transferring hexosyl groups"	GO:0016758	2	XM_022443523.1	20.9092327098391
"intramolecular oxidoreductase activity"	GO:0016860;GO:0016853	2	XM_022462856.1	17.3571551917727
"intramolecular oxidoreductase activity"	GO:0016860;GO:0016853	2	XM_022474205.1	-5.2875776443759
"intramolecular oxidoreductase activity"	GO:0016860;GO:0016853	2	XM_022480853.1	20.6097603815499
"intramolecular oxidoreductase activity"	GO:0016860;GO:0016853	2	XM_022478016.1	11.880500889583
"intramolecular oxidoreductase activity"	GO:0016860;GO:0016853	2	XM_022487462.1	3.53354136525019
"metal ion transmembrane transporter activity"	GO:0046873	5	XM_022473983.1	-67.7003370146347
"metal ion transmembrane transporter activity"	GO:0046873	5	XM_022467456.1	-33.299382683714
"metal ion transmembrane transporter activity"	GO:0046873	5	XM_022439268.1	-12.2625900883653
"metal ion transmembrane transporter activity"	GO:0046873	5	XM_022483200.1	11.665465642353
"metal ion transmembrane transporter activity"	GO:0046873	5	XM_022443817.1	-45.4881412914048
"metal ion transmembrane transporter activity"	GO:0046873	5	XM_022470903.1	39.7962605030019
"metal ion transmembrane transporter activity"	GO:0046873	5	XM_022444052.1	-19.5671651333391
"metal ion transmembrane transporter activity"	GO:0046873	5	XM_022475533.1	-23.7376817680768
"enzyme binding"	GO:0019899	3	XM_022457742.1	-65.4638067180299
"enzyme binding"	GO:0019899	3	XM_022461034.1	-100.67614714824
"enzyme binding"	GO:0019899	3	XM_022444060.1	-122.611522169894
"enzyme binding"	GO:0019899	3	XM_022457803.1	-22.0849631998029
"enzyme binding"	GO:0019899	3	XM_022465248.1	9.45728045310788
"enzyme binding"	GO:0019899	3	XM_022435101.1	-35.6809168364448
"enzyme binding"	GO:0019899	3	XM_022468427.1	196.8121902736
"enzyme binding"	GO:0019899	3	XM_022477257.1	-44.7326429867799
"enzyme binding"	GO:0019899	3	XM_022458782.1	12.0407614480436
"enzyme binding"	GO:0019899	3	XM_022483039.1	-39.2653841989136
"enzyme binding"	GO:0019899	3	XM_022480436.1	21.1840290902676
"enzyme binding"	GO:0019899	3	XM_022437377.1	48.2224151866688
"enzyme binding"	GO:0019899	3	XM_022468438.1	69.0757643899622
"enzyme binding"	GO:0019899	3	XM_022479648.1	-30.1939896365434
"enzyme binding"	GO:0019899	3	XM_022443698.1	-4.59504264311513
"enzyme binding"	GO:0019899	3	XM_022484856.1	-17.026251560404
"gated channel activity"	GO:0022839;GO:0022836	5	XM_022430379.1	-5.54423708675451
"gated channel activity"	GO:0022839;GO:0022836	5	XM_022439268.1	-12.2625900883653
"gated channel activity"	GO:0022839;GO:0022836	5	XM_022437780.1	88.9659635722992
"gated channel activity"	GO:0022839;GO:0022836	5	XM_022443817.1	-45.4881412914048
"gated channel activity"	GO:0022839;GO:0022836	5	XM_022465660.1	-11.0533623992221
"gated channel activity"	GO:0022839;GO:0022836	5	XM_022462671.1	12.7990465810879
"gated channel activity"	GO:0022839;GO:0022836	5	XM_022470903.1	39.7962605030019
"gated channel activity"	GO:0022839;GO:0022836	5	XM_022444052.1	-19.5671651333391
"gated channel activity"	GO:0022839;GO:0022836	5	XM_022475533.1	-23.7376817680768
"gated channel activity"	GO:0022839;GO:0022836	5	XM_022469979.1	9.02235654281263
"gated channel activity"	GO:0022839;GO:0022836	5	XM_022431845.1	15.9554471798514
"signaling receptor binding"	GO:0005102	3	XM_022486759.1	8.26405171098983
"signaling receptor binding"	GO:0005102	3	XM_022451784.1	-17.9522089123098
"signaling receptor binding"	GO:0005102	3	XM_022473886.1	0.719701034185288
"signaling receptor binding"	GO:0005102	3	XM_022438880.1	8.88037713011782
"signaling receptor binding"	GO:0005102	3	XM_022473895.1	23.3212089203511
"signaling receptor binding"	GO:0005102	3	XM_022464264.1	5.81042114013294
"signaling receptor binding"	GO:0005102	3	XM_022463031.1	19.904181842205
"signaling receptor binding"	GO:0005102	3	XM_022459053.1	-94.0284452412737
"signaling receptor binding"	GO:0005102	3	XM_022442099.1	61.0250048096494
"signaling receptor binding"	GO:0005102	3	XM_022474658.1	12.1749717319828
"signaling receptor binding"	GO:0005102	3	XM_022441869.1	-21.8622399135461
"signaling receptor binding"	GO:0005102	3	XM_022469971.1	-7.48192564783107
"signaling receptor binding"	GO:0005102	3	XM_022461106.1	22.2215806195238
"signaling receptor binding"	GO:0005102	3	XM_022444639.1	1.48234633598616
"catalytic activity, acting on DNA"	GO:0140097	2	XM_022442625.1	15.9782215409611
"catalytic activity, acting on DNA"	GO:0140097	2	XM_022473810.1	26.5390900973202
"catalytic activity, acting on DNA"	GO:0140097	2	XM_022448844.1	76.6629796170813
"catalytic activity, acting on DNA"	GO:0140097	2	XM_022457586.1	-24.5789146526246
"catalytic activity, acting on DNA"	GO:0140097	2	XM_022440261.1	-4.68872572309525
"peptide receptor activity"	GO:0001653	3	XM_022447499.1	-4.5481926773994
"peptide receptor activity"	GO:0001653	3	XM_022458014.1	3.39390265300919
"peptide receptor activity"	GO:0001653	3	XM_022459678.1	1.36616512050098
"peptide receptor activity"	GO:0001653	3	XM_022453780.1	8.46706582646032
"peptide receptor activity"	GO:0001653	3	XM_022464948.1	-0.327455034066177
"exopeptidase activity"	GO:0008238	3	XM_022441433.1	10.5150315205669
"exopeptidase activity"	GO:0008238	3	XM_022430589.1	7.49377330884169
"exopeptidase activity"	GO:0008238	3	XM_022461408.1	32.9631683125864
"exopeptidase activity"	GO:0008238	3	XM_022457247.1	22.5929606858242
"exopeptidase activity"	GO:0008238	3	XM_022430545.1	-15.4500088756162
"exopeptidase activity"	GO:0008238	3	XM_022445450.1	19.6953872197931
"transcription coregulator activity"	GO:0003712	2	XM_022471417.1	-7.94230040758585
"transcription coregulator activity"	GO:0003712	2	XM_022461674.1	2.14107612333405
"transcription coregulator activity"	GO:0003712	2	XM_022484054.1	-8.69589530629988
"transcription coregulator activity"	GO:0003712	2	XM_022460831.1	-109.554199506625
"transcription coregulator activity"	GO:0003712	2	XM_022447662.1	-6.92330078668431
"transcription coregulator activity"	GO:0003712	2	XM_022465019.1	-9.37977492406871
"transcription coregulator activity"	GO:0003712	2	XM_022469222.1	17.4113777431773
"transcription coregulator activity"	GO:0003712	2	XM_022471362.1	-64.8568641645589
"transcription coregulator activity"	GO:0003712	2	XM_022430705.1	35.9508781197251
"nucleobase-containing compound kinase activity"	GO:0019205	2	XM_022430681.1	18.2701959558039
"nucleobase-containing compound kinase activity"	GO:0019205	2	XM_022463942.1	7.68024246416925
"nucleobase-containing compound kinase activity"	GO:0019205	2	XM_022473039.1	34.8859319353441
"nucleobase-containing compound kinase activity"	GO:0019205	2	XM_022468281.1	-6.7030413140164
"nucleobase-containing compound kinase activity"	GO:0019205	2	XM_022468531.1	14.880810128285
"nucleobase-containing compound kinase activity"	GO:0019205	2	XM_022462276.1	22.0681188753693
"proximal promoter sequence-specific DNA binding"	GO:0000978;GO:0000987	7	XM_022467871.1	-10.3436726851085
"proximal promoter sequence-specific DNA binding"	GO:0000978;GO:0000987	7	XM_022453746.1	-28.0906874792891
"proximal promoter sequence-specific DNA binding"	GO:0000978;GO:0000987	7	XM_022433335.1	51.8092924727056
"proximal promoter sequence-specific DNA binding"	GO:0000978;GO:0000987	7	XM_022472155.1	-42.1989062778057
"proximal promoter sequence-specific DNA binding"	GO:0000978;GO:0000987	7	XM_022469696.1	-4.09125733262324
"transcription coactivator activity"	GO:0003713	3	XM_022461674.1	2.14107612333405
"transcription coactivator activity"	GO:0003713	3	XM_022484054.1	-8.69589530629988
"transcription coactivator activity"	GO:0003713	3	XM_022460831.1	-109.554199506625
"transcription coactivator activity"	GO:0003713	3	XM_022469222.1	17.4113777431773
"transcription coactivator activity"	GO:0003713	3	XM_022430705.1	35.9508781197251
"DNA-binding transcription factor activity, RNA polymerase II-specific"	GO:0000981	3	XM_022474723.1	35.0090366970941
"DNA-binding transcription factor activity, RNA polymerase II-specific"	GO:0000981	3	XM_022432315.1	19.6845985469242
"DNA-binding transcription factor activity, RNA polymerase II-specific"	GO:0000981	3	XM_022440157.1	59.9127140950199
"DNA-binding transcription factor activity, RNA polymerase II-specific"	GO:0000981	3	XM_022474836.1	19.5013500746143
"DNA-binding transcription factor activity, RNA polymerase II-specific"	GO:0000981	3	XM_022477758.1	-8.71346114872509
"DNA-binding transcription factor activity, RNA polymerase II-specific"	GO:0000981	3	XM_022471844.1	27.7394927995878
"DNA-binding transcription factor activity, RNA polymerase II-specific"	GO:0000981	3	XM_022469631.1	6.36444716993908
"DNA-binding transcription factor activity, RNA polymerase II-specific"	GO:0000981	3	XM_022443388.1	16.3433618284504
"GTPase regulator activity"	GO:0030695;GO:0005096	4	XM_022455672.1	-5.86542308410763
"GTPase regulator activity"	GO:0030695;GO:0005096	4	XM_022436372.1	60.4493888694649
"GTPase regulator activity"	GO:0030695;GO:0005096	4	XM_022433764.1	78.5789930683958
"GTPase regulator activity"	GO:0030695;GO:0005096	4	XM_022475639.1	36.7879430033344
"GTPase regulator activity"	GO:0030695;GO:0005096	4	XM_022446417.1	-5.83281872842987
"GTPase regulator activity"	GO:0030695;GO:0005096	4	XM_022483853.1	-41.9360226745331
"GTPase regulator activity"	GO:0030695;GO:0005096	4	XM_022474312.1	-16.3819898451717
"RNA polymerase II regulatory region sequence-specific DNA binding"	GO:0000977;GO:0001012	4	XM_022431832.1	20.7125959630462
"RNA polymerase II regulatory region sequence-specific DNA binding"	GO:0000977;GO:0001012	4	XM_022467871.1	-10.3436726851085
"RNA polymerase II regulatory region sequence-specific DNA binding"	GO:0000977;GO:0001012	4	XM_022453746.1	-28.0906874792891
"RNA polymerase II regulatory region sequence-specific DNA binding"	GO:0000977;GO:0001012	4	XM_022433335.1	51.8092924727056
"RNA polymerase II regulatory region sequence-specific DNA binding"	GO:0000977;GO:0001012	4	XM_022443255.1	6.90947726074208
"RNA polymerase II regulatory region sequence-specific DNA binding"	GO:0000977;GO:0001012	4	XM_022472155.1	-42.1989062778057
"RNA polymerase II regulatory region sequence-specific DNA binding"	GO:0000977;GO:0001012	4	XM_022478528.1	-1.16199723542853
"RNA polymerase II regulatory region sequence-specific DNA binding"	GO:0000977;GO:0001012	4	XM_022469696.1	-4.09125733262324
"actin binding"	GO:0003779;GO:0008092	4	XM_022472391.1	1.8253973315349
"actin binding"	GO:0003779;GO:0008092	4	XM_022453230.1	46.9058423108192
"actin binding"	GO:0003779;GO:0008092	4	XM_022457193.1	-5.26751739313063
"actin binding"	GO:0003779;GO:0008092	4	XM_022467670.1	-16.5718935453491
"actin binding"	GO:0003779;GO:0008092	4	XM_022453332.1	-18.520286627093
"actin binding"	GO:0003779;GO:0008092	4	XM_022444198.1	-32.8408537247789
"actin binding"	GO:0003779;GO:0008092	4	XM_022467672.1	-16.5718935453491
"actin binding"	GO:0003779;GO:0008092	4	XM_022477435.1	-17.1601707186868
"nucleoside-triphosphatase regulator activity"	GO:0060589;GO:0008047	3	XM_022455672.1	-5.86542308410763
"nucleoside-triphosphatase regulator activity"	GO:0060589;GO:0008047	3	XM_022436372.1	60.4493888694649
"nucleoside-triphosphatase regulator activity"	GO:0060589;GO:0008047	3	XM_022433764.1	78.5789930683958
"nucleoside-triphosphatase regulator activity"	GO:0060589;GO:0008047	3	XM_022475639.1	36.7879430033344
"nucleoside-triphosphatase regulator activity"	GO:0060589;GO:0008047	3	XM_022432705.1	-1.62260674210245
"nucleoside-triphosphatase regulator activity"	GO:0060589;GO:0008047	3	XM_022446417.1	-5.83281872842987
"nucleoside-triphosphatase regulator activity"	GO:0060589;GO:0008047	3	XM_022483853.1	-41.9360226745331
"nucleoside-triphosphatase regulator activity"	GO:0060589;GO:0008047	3	XM_022474312.1	-16.3819898451717
"nucleoside-triphosphatase regulator activity"	GO:0060589;GO:0008047	3	XM_022478514.1	-17.6152621332113
"oxidoreductase activity, acting on the aldehyde or oxo group of donors"	GO:0016903	2	XM_022431023.1	11.1767261227242
"oxidoreductase activity, acting on the aldehyde or oxo group of donors"	GO:0016903	2	XM_022484644.1	84.1341656666789
"oxidoreductase activity, acting on the aldehyde or oxo group of donors"	GO:0016903	2	XM_022431025.1	27.8031272680936
"oxidoreductase activity, acting on the aldehyde or oxo group of donors"	GO:0016903	2	XM_022477792.1	28.4589029269992
"oxidoreductase activity, acting on the aldehyde or oxo group of donors"	GO:0016903	2	XM_022458143.1	-20.337611676169
"tRNA binding"	GO:0000049	3	XM_022476763.1	54.8613793024407
"tRNA binding"	GO:0000049	3	XM_022469901.1	-1.75458218861552
"tRNA binding"	GO:0000049	3	XM_022465113.1	-16.8190629289307
"tRNA binding"	GO:0000049	3	XM_022468712.1	-4.08588841641456
"tRNA binding"	GO:0000049	3	XM_022485212.1	-27.9146587116473
"tRNA binding"	GO:0000049	3	XM_022484393.1	9.61415409437262
"transmembrane signaling receptor activity"	GO:0004888	3	XM_022490469.1	12.6754991613379
"transmembrane signaling receptor activity"	GO:0004888	3	XM_022480086.1	-6.60465000788921
"transmembrane signaling receptor activity"	GO:0004888	3	XM_022434796.1	-31.8019651206714
"transmembrane signaling receptor activity"	GO:0004888	3	XM_022470862.1	21.9128470323958
"transmembrane signaling receptor activity"	GO:0004888	3	XM_022453780.1	8.46706582646032
"transmembrane signaling receptor activity"	GO:0004888	3	XM_022464948.1	-0.327455034066177
"transmembrane signaling receptor activity"	GO:0004888	3	XM_022459146.1	40.0190804943125
"transmembrane signaling receptor activity"	GO:0004888	3	XM_022433304.1	-3.9233595215924
"transmembrane signaling receptor activity"	GO:0004888	3	XM_022447556.1	-4.16925670378723
"double-stranded DNA binding"	GO:0000976;GO:0044212;GO:1990837;GO:0001067;GO:0003690;GO:0043565	2	XM_022433385.1	-3.42311911668193
"double-stranded DNA binding"	GO:0000976;GO:0044212;GO:1990837;GO:0001067;GO:0003690;GO:0043565	2	XM_022474843.1	9.17432961290979
"double-stranded DNA binding"	GO:0000976;GO:0044212;GO:1990837;GO:0001067;GO:0003690;GO:0043565	2	XM_022431832.1	20.7125959630462
"double-stranded DNA binding"	GO:0000976;GO:0044212;GO:1990837;GO:0001067;GO:0003690;GO:0043565	2	XM_022467871.1	-10.3436726851085
"double-stranded DNA binding"	GO:0000976;GO:0044212;GO:1990837;GO:0001067;GO:0003690;GO:0043565	2	XM_022453746.1	-28.0906874792891
"double-stranded DNA binding"	GO:0000976;GO:0044212;GO:1990837;GO:0001067;GO:0003690;GO:0043565	2	XM_022465326.1	44.0159836529581
"double-stranded DNA binding"	GO:0000976;GO:0044212;GO:1990837;GO:0001067;GO:0003690;GO:0043565	2	XM_022433335.1	51.8092924727056
"double-stranded DNA binding"	GO:0000976;GO:0044212;GO:1990837;GO:0001067;GO:0003690;GO:0043565	2	XM_022443255.1	6.90947726074208
"double-stranded DNA binding"	GO:0000976;GO:0044212;GO:1990837;GO:0001067;GO:0003690;GO:0043565	2	XM_022472155.1	-42.1989062778057
"double-stranded DNA binding"	GO:0000976;GO:0044212;GO:1990837;GO:0001067;GO:0003690;GO:0043565	2	XM_022478528.1	-1.16199723542853
"double-stranded DNA binding"	GO:0000976;GO:0044212;GO:1990837;GO:0001067;GO:0003690;GO:0043565	2	XM_022469696.1	-4.09125733262324
"double-stranded DNA binding"	GO:0000976;GO:0044212;GO:1990837;GO:0001067;GO:0003690;GO:0043565	2	XM_022481263.1	-28.7782847184062
"double-stranded DNA binding"	GO:0000976;GO:0044212;GO:1990837;GO:0001067;GO:0003690;GO:0043565	2	XM_022466326.1	34.9377425669268
"double-stranded DNA binding"	GO:0000976;GO:0044212;GO:1990837;GO:0001067;GO:0003690;GO:0043565	2	XM_022456099.1	15.171209372894
"structural molecule activity"	GO:0005198	1	XM_022431778.1	2.34318367497274
"structural molecule activity"	GO:0005198	1	XM_022434220.1	3.36645543321878
"structural molecule activity"	GO:0005198	1	XM_022432477.1	19.911485759742
"structural molecule activity"	GO:0005198	1	XM_022481884.1	4.43270958904101
"structural molecule activity"	GO:0005198	1	XM_022484034.1	36.9420805694799
"structural molecule activity"	GO:0005198	1	XM_022462016.1	45.5555481440908
"structural molecule activity"	GO:0005198	1	XM_022489090.1	-6.96456385990311
"structural molecule activity"	GO:0005198	1	XM_022471018.1	-0.463440255384083
"structural molecule activity"	GO:0005198	1	XM_022470420.1	3.66703264307593
"structural molecule activity"	GO:0005198	1	XM_022488041.1	14.8570114005621
"structural molecule activity"	GO:0005198	1	XM_022471432.1	-12.079422549815
"structural molecule activity"	GO:0005198	1	XM_022448430.1	-15.0491140471152
"pyrophosphatase activity"	GO:0017111;GO:0016462;GO:0016818;GO:0016817	3	XM_022457632.1	6.75174604162911
"pyrophosphatase activity"	GO:0017111;GO:0016462;GO:0016818;GO:0016817	3	XM_022448873.1	46.5150672510636
"pyrophosphatase activity"	GO:0017111;GO:0016462;GO:0016818;GO:0016817	3	XM_022452517.1	-2.27630836991583
"pyrophosphatase activity"	GO:0017111;GO:0016462;GO:0016818;GO:0016817	3	XM_022486910.1	-16.4673752933871
"pyrophosphatase activity"	GO:0017111;GO:0016462;GO:0016818;GO:0016817	3	XM_022484437.1	-8.87661332852353
"pyrophosphatase activity"	GO:0017111;GO:0016462;GO:0016818;GO:0016817	3	XM_022460309.1	21.7988410289762
"pyrophosphatase activity"	GO:0017111;GO:0016462;GO:0016818;GO:0016817	3	XM_022484427.1	34.1951909458488
"pyrophosphatase activity"	GO:0017111;GO:0016462;GO:0016818;GO:0016817	3	XM_022434096.1	-53.2429264972683
"pyrophosphatase activity"	GO:0017111;GO:0016462;GO:0016818;GO:0016817	3	XM_022450970.1	6.00461625289789
"pyrophosphatase activity"	GO:0017111;GO:0016462;GO:0016818;GO:0016817	3	XM_022439475.1	10.317322288467
"pyrophosphatase activity"	GO:0017111;GO:0016462;GO:0016818;GO:0016817	3	XM_022434909.1	15.3782671950393
"pyrophosphatase activity"	GO:0017111;GO:0016462;GO:0016818;GO:0016817	3	XM_022483200.1	11.665465642353
"pyrophosphatase activity"	GO:0017111;GO:0016462;GO:0016818;GO:0016817	3	XM_022446113.1	-1.92348449431721
"pyrophosphatase activity"	GO:0017111;GO:0016462;GO:0016818;GO:0016817	3	XM_022447806.1	61.8971463385036
"pyrophosphatase activity"	GO:0017111;GO:0016462;GO:0016818;GO:0016817	3	XM_022479149.1	17.638143600815
"pyrophosphatase activity"	GO:0017111;GO:0016462;GO:0016818;GO:0016817	3	XM_022451060.1	5.08477366671207
"pyrophosphatase activity"	GO:0017111;GO:0016462;GO:0016818;GO:0016817	3	XM_022473115.1	7.1362890816341
"pyrophosphatase activity"	GO:0017111;GO:0016462;GO:0016818;GO:0016817	3	XM_022475537.1	18.4161171729011
"pyrophosphatase activity"	GO:0017111;GO:0016462;GO:0016818;GO:0016817	3	XM_022457619.1	4.85485524241656
"pyrophosphatase activity"	GO:0017111;GO:0016462;GO:0016818;GO:0016817	3	XM_022453426.1	-29.476029474685
"pyrophosphatase activity"	GO:0017111;GO:0016462;GO:0016818;GO:0016817	3	XM_022476279.1	-21.3862297500896
"pyrophosphatase activity"	GO:0017111;GO:0016462;GO:0016818;GO:0016817	3	XM_022467896.1	-2.53326283014203
"pyrophosphatase activity"	GO:0017111;GO:0016462;GO:0016818;GO:0016817	3	XM_022476432.1	3.58845437772449
"RNA binding"	GO:0003723	2	XM_022476763.1	54.8613793024407
"RNA binding"	GO:0003723	2	XM_022469901.1	-1.75458218861552
"RNA binding"	GO:0003723	2	XM_022465113.1	-16.8190629289307
"RNA binding"	GO:0003723	2	XM_022468712.1	-4.08588841641456
"RNA binding"	GO:0003723	2	XM_022463552.1	25.7888751383191
"RNA binding"	GO:0003723	2	XM_022484022.1	56.7434986237559
"RNA binding"	GO:0003723	2	XM_022489278.1	29.0471629129407
"RNA binding"	GO:0003723	2	XM_022485212.1	-27.9146587116473
"RNA binding"	GO:0003723	2	XM_022483690.1	-66.4274283557228
"RNA binding"	GO:0003723	2	XM_022430471.1	-17.1198138330784
"RNA binding"	GO:0003723	2	XM_022450890.1	-104.821734013916
"RNA binding"	GO:0003723	2	XM_022485499.1	78.3510142346564
"RNA binding"	GO:0003723	2	XM_022432311.1	19.6845985469242
"RNA binding"	GO:0003723	2	XM_022435847.1	27.5882806428657
"RNA binding"	GO:0003723	2	XM_022463211.1	2.65539793303782
"RNA binding"	GO:0003723	2	XM_022484393.1	9.61415409437262
"RNA binding"	GO:0003723	2	XM_022436139.1	-12.9348192320982
"RNA binding"	GO:0003723	2	XM_022465133.1	10.0651644836729
"RNA binding"	GO:0003723	2	XM_022458344.1	-4.95619568953767
"RNA binding"	GO:0003723	2	XM_022460750.1	24.9702693921141
"RNA binding"	GO:0003723	2	XM_022459508.1	10.5854598058326
"RNA binding"	GO:0003723	2	XM_022436899.1	4.87789494551459
"RNA binding"	GO:0003723	2	XM_022457908.1	-14.7958673892514
"RNA binding"	GO:0003723	2	XM_022432238.1	48.6400585847144
"RNA binding"	GO:0003723	2	XM_022456347.1	-7.05182208901816
"RNA binding"	GO:0003723	2	XM_022453220.1	6.54764115580589
"RNA binding"	GO:0003723	2	XM_022432844.1	11.4017956239218
"RNA binding"	GO:0003723	2	XM_022449999.1	-52.8806598217511
"RNA binding"	GO:0003723	2	XM_022431960.1	7.46422806133835
"RNA binding"	GO:0003723	2	XM_022458624.1	4.11206972893463
"RNA binding"	GO:0003723	2	XM_022440353.1	-21.23389597982
"RNA binding"	GO:0003723	2	XM_022449298.1	8.79569552687575
"RNA binding"	GO:0003723	2	XM_022472342.1	27.9349205145566
"molecular transducer activity"	GO:0038023;GO:0060089	2	XM_022447499.1	-4.5481926773994
"molecular transducer activity"	GO:0038023;GO:0060089	2	XM_022490469.1	12.6754991613379
"molecular transducer activity"	GO:0038023;GO:0060089	2	XM_022480086.1	-6.60465000788921
"molecular transducer activity"	GO:0038023;GO:0060089	2	XM_022458014.1	3.39390265300919
"molecular transducer activity"	GO:0038023;GO:0060089	2	XM_022434796.1	-31.8019651206714
"molecular transducer activity"	GO:0038023;GO:0060089	2	XM_022459678.1	1.36616512050098
"molecular transducer activity"	GO:0038023;GO:0060089	2	XM_022470862.1	21.9128470323958
"molecular transducer activity"	GO:0038023;GO:0060089	2	XM_022453780.1	8.46706582646032
"molecular transducer activity"	GO:0038023;GO:0060089	2	XM_022464948.1	-0.327455034066177
"molecular transducer activity"	GO:0038023;GO:0060089	2	XM_022459146.1	40.0190804943125
"molecular transducer activity"	GO:0038023;GO:0060089	2	XM_022433304.1	-3.9233595215924
"molecular transducer activity"	GO:0038023;GO:0060089	2	XM_022447556.1	-4.16925670378723
"molecular transducer activity"	GO:0038023;GO:0060089	2	XM_022477151.1	-50.9122684225485
"purine nucleoside binding"	GO:0005525;GO:0032550;GO:0032561;GO:0001883;GO:0032549;GO:0019001;GO:0001882	4	XM_022487209.1	1.83164502734178
"purine nucleoside binding"	GO:0005525;GO:0032550;GO:0032561;GO:0001883;GO:0032549;GO:0019001;GO:0001882	4	XM_022443673.1	-20.069446975329
"purine nucleoside binding"	GO:0005525;GO:0032550;GO:0032561;GO:0001883;GO:0032549;GO:0019001;GO:0001882	4	XM_022440802.1	-22.831097799691
"purine nucleoside binding"	GO:0005525;GO:0032550;GO:0032561;GO:0001883;GO:0032549;GO:0019001;GO:0001882	4	XM_022449758.1	22.8098971632956
"purine nucleoside binding"	GO:0005525;GO:0032550;GO:0032561;GO:0001883;GO:0032549;GO:0019001;GO:0001882	4	XM_022486708.1	-48.9305935862257
"purine nucleoside binding"	GO:0005525;GO:0032550;GO:0032561;GO:0001883;GO:0032549;GO:0019001;GO:0001882	4	XM_022451388.1	53.5124574076798
"purine nucleoside binding"	GO:0005525;GO:0032550;GO:0032561;GO:0001883;GO:0032549;GO:0019001;GO:0001882	4	XM_022435808.1	3.05975721992699
"protein kinase activity"	GO:0004674;GO:0004672	2	XM_022477151.1	-50.9122684225485
"protein kinase activity"	GO:0004674;GO:0004672	2	XM_022459549.1	14.6971076352924
"protein kinase activity"	GO:0004674;GO:0004672	2	XM_022461732.1	-0.77300500532538
"protein kinase activity"	GO:0004674;GO:0004672	2	XM_022470862.1	21.9128470323958
"protein kinase activity"	GO:0004674;GO:0004672	2	XM_022431623.1	-59.5739743087899
"protein kinase activity"	GO:0004674;GO:0004672	2	XM_022443887.1	15.7707838043281
"protein kinase activity"	GO:0004674;GO:0004672	2	XM_022447392.1	-0.416409024904406
"protein kinase activity"	GO:0004674;GO:0004672	2	XM_022458448.1	-37.5427826032552
"protein kinase activity"	GO:0004674;GO:0004672	2	XM_022448187.1	59.7959099488664
"protein kinase activity"	GO:0004674;GO:0004672	2	XM_022459227.1	-31.1135288834288
"protein kinase activity"	GO:0004674;GO:0004672	2	XM_022486570.1	18.2883051439989
"protein kinase activity"	GO:0004674;GO:0004672	2	XM_022467770.1	-35.8988978737266
"Ras GTPase binding"	GO:0005089;GO:0005088;GO:0017048;GO:0017016;GO:0031267	6	XM_022444060.1	-122.611522169894
"Ras GTPase binding"	GO:0005089;GO:0005088;GO:0017048;GO:0017016;GO:0031267	6	XM_022483039.1	-39.2653841989136
"Ras GTPase binding"	GO:0005089;GO:0005088;GO:0017048;GO:0017016;GO:0031267	6	XM_022468438.1	69.0757643899622
"Ras GTPase binding"	GO:0005089;GO:0005088;GO:0017048;GO:0017016;GO:0031267	6	XM_022479648.1	-30.1939896365434
"Ras GTPase binding"	GO:0005089;GO:0005088;GO:0017048;GO:0017016;GO:0031267	6	XM_022484856.1	-17.026251560404
"cation transmembrane transporter activity"	GO:0022890;GO:0008324	3	XM_022473983.1	-67.7003370146347
"cation transmembrane transporter activity"	GO:0022890;GO:0008324	3	XM_022467456.1	-33.299382683714
"cation transmembrane transporter activity"	GO:0022890;GO:0008324	3	XM_022430379.1	-5.54423708675451
"cation transmembrane transporter activity"	GO:0022890;GO:0008324	3	XM_022439268.1	-12.2625900883653
"cation transmembrane transporter activity"	GO:0022890;GO:0008324	3	XM_022437780.1	88.9659635722992
"cation transmembrane transporter activity"	GO:0022890;GO:0008324	3	XM_022483200.1	11.665465642353
"cation transmembrane transporter activity"	GO:0022890;GO:0008324	3	XM_022443817.1	-45.4881412914048
"cation transmembrane transporter activity"	GO:0022890;GO:0008324	3	XM_022470903.1	39.7962605030019
"cation transmembrane transporter activity"	GO:0022890;GO:0008324	3	XM_022480579.1	-18.5502988890417
"cation transmembrane transporter activity"	GO:0022890;GO:0008324	3	XM_022444052.1	-19.5671651333391
"cation transmembrane transporter activity"	GO:0022890;GO:0008324	3	XM_022475533.1	-23.7376817680768
"ion channel activity"	GO:0005216;GO:0022838;GO:0015267;GO:0022803	3	XM_022434062.1	-38.1306195235037
"ion channel activity"	GO:0005216;GO:0022838;GO:0015267;GO:0022803	3	XM_022476787.1	6.04886953252067
"ion channel activity"	GO:0005216;GO:0022838;GO:0015267;GO:0022803	3	XM_022466353.1	27.1261234277055
"ion channel activity"	GO:0005216;GO:0022838;GO:0015267;GO:0022803	3	XM_022430379.1	-5.54423708675451
"ion channel activity"	GO:0005216;GO:0022838;GO:0015267;GO:0022803	3	XM_022439268.1	-12.2625900883653
"ion channel activity"	GO:0005216;GO:0022838;GO:0015267;GO:0022803	3	XM_022437780.1	88.9659635722992
"ion channel activity"	GO:0005216;GO:0022838;GO:0015267;GO:0022803	3	XM_022443817.1	-45.4881412914048
"ion channel activity"	GO:0005216;GO:0022838;GO:0015267;GO:0022803	3	XM_022465660.1	-11.0533623992221
"ion channel activity"	GO:0005216;GO:0022838;GO:0015267;GO:0022803	3	XM_022462671.1	12.7990465810879
"ion channel activity"	GO:0005216;GO:0022838;GO:0015267;GO:0022803	3	XM_022470903.1	39.7962605030019
"ion channel activity"	GO:0005216;GO:0022838;GO:0015267;GO:0022803	3	XM_022458721.1	29.7861280264904
"ion channel activity"	GO:0005216;GO:0022838;GO:0015267;GO:0022803	3	XM_022444052.1	-19.5671651333391
"ion channel activity"	GO:0005216;GO:0022838;GO:0015267;GO:0022803	3	XM_022475533.1	-23.7376817680768
"ion channel activity"	GO:0005216;GO:0022838;GO:0015267;GO:0022803	3	XM_022469979.1	9.02235654281263
"ion channel activity"	GO:0005216;GO:0022838;GO:0015267;GO:0022803	3	XM_022431845.1	15.9554471798514
"ubiquitin-protein transferase activity"	GO:0004842;GO:0019787	2	XM_022432797.1	-29.5568561258028
"ubiquitin-protein transferase activity"	GO:0004842;GO:0019787	2	XM_022482749.1	-42.8295043578955
"ubiquitin-protein transferase activity"	GO:0004842;GO:0019787	2	XM_022432978.1	-12.6135273315365
"ubiquitin-protein transferase activity"	GO:0004842;GO:0019787	2	XM_022484268.1	-28.0729976785478
"ubiquitin-protein transferase activity"	GO:0004842;GO:0019787	2	XM_022432410.1	31.888630061901
"ubiquitin-protein transferase activity"	GO:0004842;GO:0019787	2	XM_022479833.1	15.678581513161
"ubiquitin-protein transferase activity"	GO:0004842;GO:0019787	2	XM_022487405.1	-7.42793955867543
"ubiquitin-protein transferase activity"	GO:0004842;GO:0019787	2	XM_022477111.1	-21.9895478270035
"ubiquitin-protein transferase activity"	GO:0004842;GO:0019787	2	XM_022462157.1	-28.8708128261209
"ubiquitin-protein transferase activity"	GO:0004842;GO:0019787	2	XM_022473669.1	33.1290172478419
"ubiquitin-protein transferase activity"	GO:0004842;GO:0019787	2	XM_022477362.1	-13.7591888273795
"structural constituent of ribosome"	GO:0003735	2	XM_022481884.1	4.43270958904101
"structural constituent of ribosome"	GO:0003735	2	XM_022462016.1	45.5555481440908
"structural constituent of ribosome"	GO:0003735	2	XM_022489090.1	-6.96456385990311
"structural constituent of ribosome"	GO:0003735	2	XM_022471018.1	-0.463440255384083
"structural constituent of ribosome"	GO:0003735	2	XM_022470420.1	3.66703264307593
"structural constituent of ribosome"	GO:0003735	2	XM_022488041.1	14.8570114005621
"structural constituent of ribosome"	GO:0003735	2	XM_022471432.1	-12.079422549815
"structural constituent of ribosome"	GO:0003735	2	XM_022448430.1	-15.0491140471152
"transferase activity, transferring phosphorus-containing groups"	GO:0016772;GO:0016301;GO:0016773	2	XM_022430681.1	18.2701959558039
"transferase activity, transferring phosphorus-containing groups"	GO:0016772;GO:0016301;GO:0016773	2	XM_022477151.1	-50.9122684225485
"transferase activity, transferring phosphorus-containing groups"	GO:0016772;GO:0016301;GO:0016773	2	XM_022459227.1	-31.1135288834288
"transferase activity, transferring phosphorus-containing groups"	GO:0016772;GO:0016301;GO:0016773	2	XM_022463942.1	7.68024246416925
"transferase activity, transferring phosphorus-containing groups"	GO:0016772;GO:0016301;GO:0016773	2	XM_022473039.1	34.8859319353441
"transferase activity, transferring phosphorus-containing groups"	GO:0016772;GO:0016301;GO:0016773	2	XM_022468281.1	-6.7030413140164
"transferase activity, transferring phosphorus-containing groups"	GO:0016772;GO:0016301;GO:0016773	2	XM_022435694.1	-14.2125587875843
"transferase activity, transferring phosphorus-containing groups"	GO:0016772;GO:0016301;GO:0016773	2	XM_022459549.1	14.6971076352924
"transferase activity, transferring phosphorus-containing groups"	GO:0016772;GO:0016301;GO:0016773	2	XM_022464817.1	95.3697247261942
"transferase activity, transferring phosphorus-containing groups"	GO:0016772;GO:0016301;GO:0016773	2	XM_022461732.1	-0.77300500532538
"transferase activity, transferring phosphorus-containing groups"	GO:0016772;GO:0016301;GO:0016773	2	XM_022470862.1	21.9128470323958
"transferase activity, transferring phosphorus-containing groups"	GO:0016772;GO:0016301;GO:0016773	2	XM_022468531.1	14.880810128285
"transferase activity, transferring phosphorus-containing groups"	GO:0016772;GO:0016301;GO:0016773	2	XM_022435091.1	52.7968911104744
"transferase activity, transferring phosphorus-containing groups"	GO:0016772;GO:0016301;GO:0016773	2	XM_022431623.1	-59.5739743087899
"transferase activity, transferring phosphorus-containing groups"	GO:0016772;GO:0016301;GO:0016773	2	XM_022480597.1	11.8517844877006
"transferase activity, transferring phosphorus-containing groups"	GO:0016772;GO:0016301;GO:0016773	2	XM_022443887.1	15.7707838043281
"transferase activity, transferring phosphorus-containing groups"	GO:0016772;GO:0016301;GO:0016773	2	XM_022447392.1	-0.416409024904406
"transferase activity, transferring phosphorus-containing groups"	GO:0016772;GO:0016301;GO:0016773	2	XM_022458448.1	-37.5427826032552
"transferase activity, transferring phosphorus-containing groups"	GO:0016772;GO:0016301;GO:0016773	2	XM_022432175.1	-28.4221253962968
"transferase activity, transferring phosphorus-containing groups"	GO:0016772;GO:0016301;GO:0016773	2	XM_022448187.1	59.7959099488664
"transferase activity, transferring phosphorus-containing groups"	GO:0016772;GO:0016301;GO:0016773	2	XM_022462276.1	22.0681188753693
"transferase activity, transferring phosphorus-containing groups"	GO:0016772;GO:0016301;GO:0016773	2	XM_022486570.1	18.2883051439989
"transferase activity, transferring phosphorus-containing groups"	GO:0016772;GO:0016301;GO:0016773	2	XM_022486627.1	-142.363620012869
"transferase activity, transferring phosphorus-containing groups"	GO:0016772;GO:0016301;GO:0016773	2	XM_022467770.1	-35.8988978737266
"ligase activity"	GO:0016874	2	XM_022459297.1	26.1022584778628
"ligase activity"	GO:0016874	2	XM_022466757.1	14.7729011875535
"ligase activity"	GO:0016874	2	XM_022463557.1	-27.7603867971892
"ligase activity"	GO:0016874	2	XM_022431547.1	-23.8892489721419
"ligase activity"	GO:0016874	2	XM_022447637.1	24.0323456753033
"ligase activity"	GO:0016874	2	XM_022438956.1	-22.4732793226635
"ligase activity"	GO:0016874	2	XM_022476800.1	4.8751400498413
"ligase activity"	GO:0016874	2	XM_022432509.1	-11.0611857349701
"ligase activity"	GO:0016874	2	XM_022463983.1	-18.084479972746
"protein-containing complex binding"	GO:0044877;GO:0005178;GO:0050839	2	XM_022472661.1	-16.2102538135922
"protein-containing complex binding"	GO:0044877;GO:0005178;GO:0050839	2	XM_022442099.1	61.0250048096494
"protein-containing complex binding"	GO:0044877;GO:0005178;GO:0050839	2	XM_022474658.1	12.1749717319828
"protein-containing complex binding"	GO:0044877;GO:0005178;GO:0050839	2	XM_022441869.1	-21.8622399135461
"protein-containing complex binding"	GO:0044877;GO:0005178;GO:0050839	2	XM_022469971.1	-7.48192564783107
"protein-containing complex binding"	GO:0044877;GO:0005178;GO:0050839	2	XM_022461106.1	22.2215806195238
"peptidase activity"	GO:0070011;GO:0008233	3	XM_022460309.1	21.7988410289762
"peptidase activity"	GO:0070011;GO:0008233	3	XM_022484427.1	34.1951909458488
"peptidase activity"	GO:0070011;GO:0008233	3	XM_022454215.1	3.89788245591498
"peptidase activity"	GO:0070011;GO:0008233	3	XM_022476305.1	38.9480065117714
"peptidase activity"	GO:0070011;GO:0008233	3	XM_022475011.1	101.884197823589
"peptidase activity"	GO:0070011;GO:0008233	3	XM_022446576.1	-33.4021547033525
"peptidase activity"	GO:0070011;GO:0008233	3	XM_022441433.1	10.5150315205669
"peptidase activity"	GO:0070011;GO:0008233	3	XM_022430589.1	7.49377330884169
"peptidase activity"	GO:0070011;GO:0008233	3	XM_022461408.1	32.9631683125864
"peptidase activity"	GO:0070011;GO:0008233	3	XM_022443060.1	19.0538256139384
"peptidase activity"	GO:0070011;GO:0008233	3	XM_022446334.1	9.37957758338188
"peptidase activity"	GO:0070011;GO:0008233	3	XM_022457247.1	22.5929606858242
"peptidase activity"	GO:0070011;GO:0008233	3	XM_022489268.1	-66.0099822966256
"peptidase activity"	GO:0070011;GO:0008233	3	XM_022445564.1	-16.6721646010817
"peptidase activity"	GO:0070011;GO:0008233	3	XM_022430545.1	-15.4500088756162
"peptidase activity"	GO:0070011;GO:0008233	3	XM_022472696.1	-15.2741584312034
"peptidase activity"	GO:0070011;GO:0008233	3	XM_022445450.1	19.6953872197931
"transferase activity, transferring glycosyl groups"	GO:0016757	3	XM_022483281.1	3.59726080691221
"transferase activity, transferring glycosyl groups"	GO:0016757	3	XM_022431104.1	-6.1331954065288
"transferase activity, transferring glycosyl groups"	GO:0016757	3	XM_022476057.1	-54.8991179557354
"transferase activity, transferring glycosyl groups"	GO:0016757	3	XM_022471126.1	32.1545855088056
"transferase activity, transferring glycosyl groups"	GO:0016757	3	XM_022449294.1	12.2146650547764
"transferase activity, transferring glycosyl groups"	GO:0016757	3	XM_022443523.1	20.9092327098391
"transferase activity, transferring glycosyl groups"	GO:0016757	3	XM_022441546.1	-15.4777007232853
"guanyl-nucleotide exchange factor activity"	GO:0005085;GO:0051020	2	XM_022444060.1	-122.611522169894
"guanyl-nucleotide exchange factor activity"	GO:0005085;GO:0051020	2	XM_022465248.1	9.45728045310788
"guanyl-nucleotide exchange factor activity"	GO:0005085;GO:0051020	2	XM_022468427.1	196.8121902736
"guanyl-nucleotide exchange factor activity"	GO:0005085;GO:0051020	2	XM_022458782.1	12.0407614480436
"guanyl-nucleotide exchange factor activity"	GO:0005085;GO:0051020	2	XM_022483039.1	-39.2653841989136
"guanyl-nucleotide exchange factor activity"	GO:0005085;GO:0051020	2	XM_022480436.1	21.1840290902676
"guanyl-nucleotide exchange factor activity"	GO:0005085;GO:0051020	2	XM_022437377.1	48.2224151866688
"guanyl-nucleotide exchange factor activity"	GO:0005085;GO:0051020	2	XM_022468438.1	69.0757643899622
"guanyl-nucleotide exchange factor activity"	GO:0005085;GO:0051020	2	XM_022479648.1	-30.1939896365434
"guanyl-nucleotide exchange factor activity"	GO:0005085;GO:0051020	2	XM_022443698.1	-4.59504264311513
"guanyl-nucleotide exchange factor activity"	GO:0005085;GO:0051020	2	XM_022484856.1	-17.026251560404
"nuclease activity"	GO:0004518	2	XM_022442625.1	15.9782215409611
"nuclease activity"	GO:0004518	2	XM_022479421.1	36.8763308508673
"nuclease activity"	GO:0004518	2	XM_022487625.1	7.45369594903134
"nuclease activity"	GO:0004518	2	XM_022448844.1	76.6629796170813
"nuclease activity"	GO:0004518	2	XM_022479252.1	-2.60150756941893
"nuclease activity"	GO:0004518	2	XM_022440261.1	-4.68872572309525
"nuclease activity"	GO:0004518	2	XM_022459538.1	-20.7419078240461
"nuclease activity"	GO:0004518	2	XM_022462457.1	5.6886513299994
"hydrolase activity, acting on ester bonds"	GO:0016788	3	XM_022442625.1	15.9782215409611
"hydrolase activity, acting on ester bonds"	GO:0016788	3	XM_022479421.1	36.8763308508673
"hydrolase activity, acting on ester bonds"	GO:0016788	3	XM_022487625.1	7.45369594903134
"hydrolase activity, acting on ester bonds"	GO:0016788	3	XM_022448844.1	76.6629796170813
"hydrolase activity, acting on ester bonds"	GO:0016788	3	XM_022479252.1	-2.60150756941893
"hydrolase activity, acting on ester bonds"	GO:0016788	3	XM_022481046.1	-9.97954668851102
"hydrolase activity, acting on ester bonds"	GO:0016788	3	XM_022471522.1	3.8286174967747
"hydrolase activity, acting on ester bonds"	GO:0016788	3	XM_022462805.1	33.3832668931792
"hydrolase activity, acting on ester bonds"	GO:0016788	3	XM_022440261.1	-4.68872572309525
"hydrolase activity, acting on ester bonds"	GO:0016788	3	XM_022473924.1	-17.7512992432177
"hydrolase activity, acting on ester bonds"	GO:0016788	3	XM_022459538.1	-20.7419078240461
"hydrolase activity, acting on ester bonds"	GO:0016788	3	XM_022437897.1	-0.616024670979067
"hydrolase activity, acting on ester bonds"	GO:0016788	3	XM_022476434.1	7.85296465304401
"hydrolase activity, acting on ester bonds"	GO:0016788	3	XM_022482330.1	-49.5679152215315
"hydrolase activity, acting on ester bonds"	GO:0016788	3	XM_022462457.1	5.6886513299994
"hydrolase activity, acting on ester bonds"	GO:0016788	3	XM_022485267.1	2.93387189794882
"hydrolase activity, acting on ester bonds"	GO:0016788	3	XM_022464993.1	26.5916331383031
"anion transmembrane transporter activity"	GO:0008509;GO:0015103	4	XM_022436487.1	-60.4401460965039
"anion transmembrane transporter activity"	GO:0008509;GO:0015103	4	XM_022465660.1	-11.0533623992221
"anion transmembrane transporter activity"	GO:0008509;GO:0015103	4	XM_022462671.1	12.7990465810879
"anion transmembrane transporter activity"	GO:0008509;GO:0015103	4	XM_022464734.1	108.18834800036
"anion transmembrane transporter activity"	GO:0008509;GO:0015103	4	XM_022458721.1	29.7861280264904
"anion transmembrane transporter activity"	GO:0008509;GO:0015103	4	XM_022469979.1	9.02235654281263
"anion transmembrane transporter activity"	GO:0008509;GO:0015103	4	XM_022431845.1	15.9554471798514
"GTPase activity"	GO:0003924	5	XM_022448873.1	46.5150672510636
"GTPase activity"	GO:0003924	5	XM_022434096.1	-53.2429264972683
"GTPase activity"	GO:0003924	5	XM_022450970.1	6.00461625289789
"GTPase activity"	GO:0003924	5	XM_022439475.1	10.317322288467
"GTPase activity"	GO:0003924	5	XM_022434909.1	15.3782671950393
"GTPase activity"	GO:0003924	5	XM_022446113.1	-1.92348449431721
"GTPase activity"	GO:0003924	5	XM_022451060.1	5.08477366671207
"GTPase activity"	GO:0003924	5	XM_022457619.1	4.85485524241656
"GTPase activity"	GO:0003924	5	XM_022453426.1	-29.476029474685
"GTPase activity"	GO:0003924	5	XM_022476279.1	-21.3862297500896
"GTPase activity"	GO:0003924	5	XM_022467896.1	-2.53326283014203
"purine ribonucleoside triphosphate binding"	GO:0035639;GO:0005524;GO:0008144;GO:0032559;GO:0030554	2	XM_022487209.1	1.83164502734178
"purine ribonucleoside triphosphate binding"	GO:0035639;GO:0005524;GO:0008144;GO:0032559;GO:0030554	2	XM_022487501.1	-4.18777518949246
"purine ribonucleoside triphosphate binding"	GO:0035639;GO:0005524;GO:0008144;GO:0032559;GO:0030554	2	XM_022449726.1	9.37397144909269
"purine ribonucleoside triphosphate binding"	GO:0035639;GO:0005524;GO:0008144;GO:0032559;GO:0030554	2	XM_022435315.1	23.9537396593253
"purine ribonucleoside triphosphate binding"	GO:0035639;GO:0005524;GO:0008144;GO:0032559;GO:0030554	2	XM_022443673.1	-20.069446975329
"purine ribonucleoside triphosphate binding"	GO:0035639;GO:0005524;GO:0008144;GO:0032559;GO:0030554	2	XM_022487704.1	-6.24028084118325
"purine ribonucleoside triphosphate binding"	GO:0035639;GO:0005524;GO:0008144;GO:0032559;GO:0030554	2	XM_022440802.1	-22.831097799691
"purine ribonucleoside triphosphate binding"	GO:0035639;GO:0005524;GO:0008144;GO:0032559;GO:0030554	2	XM_022435410.1	-45.898878632157
"purine ribonucleoside triphosphate binding"	GO:0035639;GO:0005524;GO:0008144;GO:0032559;GO:0030554	2	XM_022479471.1	52.1300593909872
"purine ribonucleoside triphosphate binding"	GO:0035639;GO:0005524;GO:0008144;GO:0032559;GO:0030554	2	XM_022434678.1	16.301641516913
"purine ribonucleoside triphosphate binding"	GO:0035639;GO:0005524;GO:0008144;GO:0032559;GO:0030554	2	XM_022463579.1	1.16892488775542
"purine ribonucleoside triphosphate binding"	GO:0035639;GO:0005524;GO:0008144;GO:0032559;GO:0030554	2	XM_022449758.1	22.8098971632956
"purine ribonucleoside triphosphate binding"	GO:0035639;GO:0005524;GO:0008144;GO:0032559;GO:0030554	2	XM_022473178.1	-3.7993691013062
"purine ribonucleoside triphosphate binding"	GO:0035639;GO:0005524;GO:0008144;GO:0032559;GO:0030554	2	XM_022475362.1	17.9304701573981
"purine ribonucleoside triphosphate binding"	GO:0035639;GO:0005524;GO:0008144;GO:0032559;GO:0030554	2	XM_022430584.1	-50.7743355075946
"purine ribonucleoside triphosphate binding"	GO:0035639;GO:0005524;GO:0008144;GO:0032559;GO:0030554	2	XM_022444395.1	57.2286502107829
"purine ribonucleoside triphosphate binding"	GO:0035639;GO:0005524;GO:0008144;GO:0032559;GO:0030554	2	XM_022432755.1	-56.7496723300443
"purine ribonucleoside triphosphate binding"	GO:0035639;GO:0005524;GO:0008144;GO:0032559;GO:0030554	2	XM_022431962.1	9.21159255563101
"purine ribonucleoside triphosphate binding"	GO:0035639;GO:0005524;GO:0008144;GO:0032559;GO:0030554	2	XM_022470122.1	3.61542046393204
"purine ribonucleoside triphosphate binding"	GO:0035639;GO:0005524;GO:0008144;GO:0032559;GO:0030554	2	XM_022469832.1	5.67435397216544
"purine ribonucleoside triphosphate binding"	GO:0035639;GO:0005524;GO:0008144;GO:0032559;GO:0030554	2	XM_022431627.1	14.7084507970002
"purine ribonucleoside triphosphate binding"	GO:0035639;GO:0005524;GO:0008144;GO:0032559;GO:0030554	2	XM_022439306.1	-131.197821361833
"purine ribonucleoside triphosphate binding"	GO:0035639;GO:0005524;GO:0008144;GO:0032559;GO:0030554	2	XM_022486708.1	-48.9305935862257
"purine ribonucleoside triphosphate binding"	GO:0035639;GO:0005524;GO:0008144;GO:0032559;GO:0030554	2	XM_022433297.1	-15.6612969492746
"purine ribonucleoside triphosphate binding"	GO:0035639;GO:0005524;GO:0008144;GO:0032559;GO:0030554	2	XM_022477699.1	-7.06163189636794
"purine ribonucleoside triphosphate binding"	GO:0035639;GO:0005524;GO:0008144;GO:0032559;GO:0030554	2	XM_022468872.1	-48.5871760885043
"purine ribonucleoside triphosphate binding"	GO:0035639;GO:0005524;GO:0008144;GO:0032559;GO:0030554	2	XM_022457468.1	20.0504596385696
"purine ribonucleoside triphosphate binding"	GO:0035639;GO:0005524;GO:0008144;GO:0032559;GO:0030554	2	XM_022430708.1	-20.2275061363928
"purine ribonucleoside triphosphate binding"	GO:0035639;GO:0005524;GO:0008144;GO:0032559;GO:0030554	2	XM_022451388.1	53.5124574076798
"purine ribonucleoside triphosphate binding"	GO:0035639;GO:0005524;GO:0008144;GO:0032559;GO:0030554	2	XM_022467055.1	8.75345427763342
"purine ribonucleoside triphosphate binding"	GO:0035639;GO:0005524;GO:0008144;GO:0032559;GO:0030554	2	XM_022443835.1	13.9893919136763
"purine ribonucleoside triphosphate binding"	GO:0035639;GO:0005524;GO:0008144;GO:0032559;GO:0030554	2	XM_022473049.1	26.5000836284875
"cation channel activity"	GO:0005261	2	XM_022430379.1	-5.54423708675451
"cation channel activity"	GO:0005261	2	XM_022439268.1	-12.2625900883653
"cation channel activity"	GO:0005261	2	XM_022437780.1	88.9659635722992
"cation channel activity"	GO:0005261	2	XM_022443817.1	-45.4881412914048
"cation channel activity"	GO:0005261	2	XM_022470903.1	39.7962605030019
"cation channel activity"	GO:0005261	2	XM_022444052.1	-19.5671651333391
"cation channel activity"	GO:0005261	2	XM_022475533.1	-23.7376817680768
