"","chr","start","end","strand","pvalue","qvalue","meth.diff"
"1152","NC_035780.1",571139,571139,"+",9.537633295453e-30,1.33622145817788e-27,58.2278481012658
"2192","NC_035780.1",1882692,1882692,"+",1.54857474241667e-28,1.96403747536412e-26,64.8148148148148
"2211","NC_035780.1",1885023,1885023,"+",1.56214555549646e-14,4.85184537458612e-13,61.2143987341772
"2318","NC_035780.1",1933500,1933500,"+",1.26044543179399e-19,6.92020008557482e-18,51.324937688574
"2607","NC_035780.1",1958999,1958999,"+",1.28313154413808e-119,2.08304546944728e-115,50.1707069734689
"3067","NC_035780.1",2538925,2538925,"+",7.04346175157579e-15,2.28032589646105e-13,-50.2505846976278
"3071","NC_035780.1",2541727,2541727,"+",3.59921004770553e-41,1.19550425600154e-38,-54.9736072708992
"3362","NC_035780.1",2584493,2584493,"+",3.12717630109529e-57,2.81061962515026e-54,56.4664786447676
"3383","NC_035780.1",2586509,2586509,"+",6.66191639817937e-71,1.23600063427063e-67,-53.8495091547371
"3392","NC_035780.1",2588795,2588795,"+",1.27417519999374e-115,1.65480453800982e-111,-53.3420013393748
"4470","NC_035780.1",4286287,4286287,"+",1.02665860405923e-91,5.22881680171439e-88,54.0389348847617
"4476","NC_035780.1",4286803,4286803,"+",3.85745583569328e-16,1.44749448756192e-14,-62.0490797546012
"4484","NC_035780.1",4288214,4288214,"+",1.03297953561797e-29,1.43712634491677e-27,-58.168449197861
"4501","NC_035780.1",4289629,4289629,"+",2.28939540201561e-25,2.19755910689533e-23,-52.2097927746195
"6452","NC_035780.1",8693288,8693288,"+",8.98883317830873e-22,6.1571898223154e-20,-52.283522104494
"6564","NC_035780.1",8833125,8833125,"+",1.87756815984505e-15,6.5233994107944e-14,60.1254480286738
"7659","NC_035780.1",12631454,12631454,"+",7.95429303615801e-18,3.61710352232344e-16,60.2577873254565
"9010","NC_035780.1",15414935,15414935,"+",4.46713127041768e-19,2.32063191881589e-17,51.580544137796
"9304","NC_035780.1",15534532,15534532,"+",1.17216690208308e-58,1.18931539305873e-55,54.2977406375735
"10079","NC_035780.1",17093219,17093219,"+",1.26074972979324e-14,3.95834287437336e-13,-52.9967159277504
"10287","NC_035780.1",17488959,17488959,"+",5.71400122627172e-26,5.79986111988597e-24,-57.0731707317073
"11585","NC_035780.1",19149581,19149581,"+",1.95455199452061e-26,2.06376228625486e-24,-61.0240190685735
"11773","NC_035780.1",19482569,19482569,"+",1.39169778758904e-76,3.50958094219358e-73,56.7761299435028
"12665","NC_035780.1",19968153,19968153,"+",5.91304462135748e-20,3.35346076300589e-18,-60.0470430107527
"14119","NC_035780.1",21941411,21941411,"+",6.47855717110377e-147,1.68277420664776e-142,-55.62553594887
"14548","NC_035780.1",22177829,22177829,"+",6.80803459919686e-29,8.84619505301124e-27,-51.8586936690385
"16086","NC_035780.1",24227053,24227053,"+",9.17964490545048e-39,2.58328148771793e-36,79.8387096774193
"16324","NC_035780.1",24258095,24258095,"+",9.57483535031815e-29,1.22937105244393e-26,-50.2401798176446
"17613","NC_035780.1",25858298,25858298,"+",1.62846067324196e-27,1.87993272445461e-25,-51.3262093311707
"19424","NC_035780.1",26637855,26637855,"+",2.24631477067468e-76,5.61028371730682e-73,-52.2310038824182
"20362","NC_035780.1",27396183,27396183,"+",2.448830698055e-28,3.06540746561559e-26,52.6108743502084
"20483","NC_035780.1",27482717,27482717,"+",1.14723968836811e-26,1.23442425935812e-24,52.0311149524633
"21510","NC_035780.1",28493520,28493520,"+",7.65928992823901e-45,3.27753523411584e-42,-53.830352943435
"21794","NC_035780.1",28739473,28739473,"+",1.57380923660051e-111,1.70328922499635e-107,69.5166914846549
"23151","NC_035780.1",30150624,30150624,"+",1.1484927536279e-17,5.12019462400599e-16,-55.3937259923175
"23912","NC_035780.1",31302905,31302905,"+",8.46636477075717e-18,3.8392069016688e-16,-60.3289335847475
"23913","NC_035780.1",31302935,31302935,"+",1.00954268196262e-17,4.5296921415063e-16,-58.2879612825166
"23914","NC_035780.1",31303160,31303160,"+",5.76351771861839e-40,1.75916114264031e-37,-58.0637211758493
"23919","NC_035780.1",31303208,31303208,"+",1.23290644624375e-59,1.35123015360841e-56,-60.6948757763975
"24968","NC_035780.1",32447268,32447268,"+",1.883168387765e-38,5.18710469077394e-36,63.4901556776557
"25316","NC_035780.1",32717031,32717031,"+",8.45711739466131e-27,9.23757675193567e-25,-52.5962264150943
"25439","NC_035780.1",32766798,32766798,"+",3.6984292636719e-19,1.94070564365204e-17,58.1214689265537
"25468","NC_035780.1",32781382,32781382,"+",2.07697538447448e-58,2.05127152779795e-55,51.0166753765024
"25541","NC_035780.1",32787977,32787977,"+",2.34285248595573e-56,1.97579453225092e-53,-60.2310773935089
"27010","NC_035780.1",35969129,35969129,"+",3.61526679125619e-15,1.21622618776016e-13,-53.350874477635
"27932","NC_035780.1",38014598,38014598,"+",1.27345457419022e-19,6.98866952249669e-18,-50.2692702980473
"28208","NC_035780.1",38085953,38085953,"+",1.34635907565697e-25,1.32215623326215e-23,59.5918367346939
"28303","NC_035780.1",38132129,38132129,"+",2.38715783804869e-19,1.27740589000984e-17,55.3359683794466
"28337","NC_035780.1",38236494,38236494,"+",9.95989456119202e-14,2.78715247306802e-12,50.4091954022988
"28783","NC_035780.1",39872842,39872842,"+",1.72797428917668e-84,6.69900072062984e-81,52.3416703232412
"34639","NC_035780.1",43327057,43327057,"+",2.30284094112487e-12,5.3776131325532e-11,50.7661290322581
"35789","NC_035780.1",48579389,48579389,"+",1.36544324256901e-45,6.12551545216866e-43,-57.8515644809574
"35881","NC_035780.1",49916826,49916826,"+",1.31356184731671e-23,1.07326643807993e-21,-52.0442689976033
"36764","NC_035780.1",54074031,54074031,"+",2.7367620211442e-21,1.7869804718637e-19,-52.4193548387097
"37026","NC_035780.1",54211053,54211053,"+",4.5525805411118e-66,6.83532368988434e-63,-62.8450920245399
"38344","NC_035780.1",55852213,55852213,"+",1.30976739966275e-14,4.1013358776956e-13,58.0645161290323
"39635","NC_035780.1",57337101,57337101,"+",2.12957401925827e-10,3.71164634878926e-09,-54.8387096774194
"39929","NC_035780.1",58135768,58135768,"+",4.02294130184559e-42,1.425565814187e-39,74.6984587893679
"41614","NC_035780.1",60359487,60359487,"+",1.51318427752221e-138,3.27535309286243e-134,71.1262534490881
"41814","NC_035780.1",60587462,60587462,"+",3.47772908122361e-43,1.32064835950663e-40,-74.1221174004193
"43262","NC_035780.1",62750218,62750218,"+",4.55944265357327e-51,2.95335012271047e-48,53.6949479029857
"43380","NC_035780.1",62782869,62782869,"+",2.82198241639172e-18,1.34940431028719e-16,-50.4156010230179
"44961","NC_035781.1",275905,275905,"+",1.37738219756852e-17,6.08242827404656e-16,53.7047222440481
"45651","NC_035781.1",631437,631437,"+",2.43627110549684e-42,8.7890243761397e-40,-60.7191644074564
"45669","NC_035781.1",631900,631900,"+",2.63764129012244e-48,1.47654029397096e-45,-57.7343905734346
"46459","NC_035781.1",783410,783410,"+",3.40357154006391e-29,4.52436751097044e-27,-50.283243887895
"47722","NC_035781.1",1730674,1730674,"+",7.05230362949245e-36,1.61392255699182e-33,51.9630435710323
"47886","NC_035781.1",1874188,1874188,"+",4.86980778688703e-16,1.80830487004218e-14,-51.5508021390374
"48045","NC_035781.1",2169469,2169469,"+",3.44002082074853e-17,1.45787067676084e-15,-58.130081300813
"48160","NC_035781.1",2277405,2277405,"+",2.38469787846999e-57,2.18103470524012e-54,57.4353123861134
"48559","NC_035781.1",2383029,2383029,"+",5.43557258711535e-43,2.04026583040539e-40,67.0758928571429
"50204","NC_035781.1",3401689,3401689,"+",2.8233711556776e-79,7.97127325791732e-76,50.8032128514056
"52315","NC_035781.1",5035160,5035160,"+",3.88147916576505e-19,2.02978785837671e-17,-51.6328828828829
"52760","NC_035781.1",5386448,5386448,"+",6.31432273508759e-24,5.3095341477084e-22,50.5489679402723
"53674","NC_035781.1",5648772,5648772,"+",2.72428851087425e-90,1.36080941757003e-86,-53.2287292338075
"53680","NC_035781.1",5652042,5652042,"+",9.99641087717148e-28,1.18184791249054e-25,63.4633911368015
"54118","NC_035781.1",5855168,5855168,"+",3.75449331342164e-99,2.63570719487129e-95,-55.3068049196517
"54376","NC_035781.1",5928087,5928087,"+",7.46696649540333e-17,3.03807768836236e-15,52.176220806794
"55676","NC_035781.1",7626511,7626511,"+",3.52747736574691e-12,8.02667855119324e-11,-56.0918060918061
"56876","NC_035781.1",9369564,9369564,"+",5.88581314270141e-30,8.40930573848626e-28,51.9350462815193
"57935","NC_035781.1",10383011,10383011,"+",1.23306040539502e-57,1.13979194504484e-54,-58.7995327522689
"57989","NC_035781.1",10426303,10426303,"+",1.17034303259736e-112,1.44757618693611e-108,54.4746732102082
"58009","NC_035781.1",10427420,10427420,"+",7.34069841643686e-74,1.57579443578119e-70,60.7092876801791
"58015","NC_035781.1",10427643,10427643,"+",4.04392645431604e-70,7.19445571697881e-67,63.578481266577
"58045","NC_035781.1",10430445,10430445,"+",3.8020179096122e-21,2.43901197436619e-19,-52.0833333333333
"59271","NC_035781.1",11960873,11960873,"+",6.72231539253264e-80,1.96189801975178e-76,53.1686691074099
"60029","NC_035781.1",13033011,13033011,"+",1.27732122527843e-94,7.37284605793053e-91,-64.8448204987668
"60512","NC_035781.1",13281050,13281050,"+",1.0700218435283e-21,7.28145273045818e-20,-51.4929742388759
"61167","NC_035781.1",13841609,13841609,"+",1.0472581443278e-41,3.61729107505443e-39,54.39604759024
"62469","NC_035781.1",15604575,15604575,"+",4.61233829927601e-70,8.14988292462751e-67,55.7148829067347
"63423","NC_035781.1",19453325,19453325,"+",1.06506815185886e-65,1.57185427856891e-62,-50.6057104338196
"64430","NC_035781.1",20126030,20126030,"+",3.03566919628151e-11,6.05095955274325e-10,-52.370820668693
"64584","NC_035781.1",20200245,20200245,"+",3.19495686766719e-25,3.03316794338575e-23,-68.60982016569
"65106","NC_035781.1",20620124,20620124,"+",6.20264952061915e-42,2.17717366952265e-39,57.7653631284916
"67984","NC_035781.1",22901073,22901073,"+",1.09193667808556e-68,1.81811105174529e-65,54.5212067328093
"68482","NC_035781.1",23710327,23710327,"+",8.42454066830098e-28,9.99650115537517e-26,-54.5717994385245
"69152","NC_035781.1",24474568,24474568,"+",3.45344020244e-08,4.1665407493646e-07,53.0612244897959
"69322","NC_035781.1",25635630,25635630,"+",2.12966846917423e-34,4.35911101870385e-32,54.102679915688
"69918","NC_035781.1",26609797,26609797,"+",1.06968971497326e-78,2.92470296757484e-75,-55.1570180092699
"70809","NC_035781.1",28525220,28525220,"+",3.44255838976761e-18,1.63143232838871e-16,50.6208425720621
"70838","NC_035781.1",28992819,28992819,"+",4.65879615365645e-22,3.27762728916844e-20,52.9083204930662
"70872","NC_035781.1",29126964,29126964,"+",1.16075549193079e-18,5.80255353103207e-17,51.989247311828
"71027","NC_035781.1",29178319,29178319,"+",7.18676478983721e-22,4.96338140069538e-20,-55.3841991341991
"71369","NC_035781.1",29385293,29385293,"+",4.06393263338884e-33,7.47582892284635e-31,56.0455530307034
"72092","NC_035781.1",29765550,29765550,"+",2.37395591462527e-12,5.53124939550367e-11,-51.3917262512768
"72516","NC_035781.1",29991126,29991126,"+",8.17823004938504e-54,6.19316646925247e-51,-50.5859223271962
"72688","NC_035781.1",30062223,30062223,"+",1.06788601261376e-18,5.35996674140362e-17,60.7400194741967
"72823","NC_035781.1",30153251,30153251,"+",9.31120277006302e-137,1.86041564508742e-132,60.3183023872679
"73569","NC_035781.1",30488985,30488985,"+",1.08584609502793e-57,1.01090797234416e-54,53.5398824517212
"74323","NC_035781.1",30789624,30789624,"+",1.40822393607859e-27,1.63445155574765e-25,-57.1975318284777
"74350","NC_035781.1",30803514,30803514,"+",3.26306460540598e-38,8.78306122379689e-36,-51.7705220839898
"74500","NC_035781.1",30827586,30827586,"+",1.84910671195746e-26,1.95719892066891e-24,55.2655677655678
"74992","NC_035781.1",31150011,31150011,"+",2.93169825135558e-09,4.26846740007704e-08,53.5142118863049
"75543","NC_035781.1",32146060,32146060,"+",9.57434655560303e-38,2.50947596065299e-35,52.2772153480815
"78048","NC_035781.1",37444182,37444182,"+",4.17574291593903e-27,4.65506107066196e-25,56.4884302689181
"78663","NC_035781.1",39583209,39583209,"+",2.1210531460624e-07,2.20012539173493e-06,-50.2747252747253
"81650","NC_035781.1",42529449,42529449,"+",3.9538549269496e-21,2.53079075085517e-19,-50.6981032665964
"81956","NC_035781.1",43054123,43054123,"+",8.7163069639327e-30,1.2257818090202e-27,-60.0945906000591
"82229","NC_035781.1",43382431,43382431,"+",3.15330838737188e-11,6.27053097505367e-10,52.2161172161172
"82274","NC_035781.1",43563162,43563162,"+",5.98098273802582e-19,3.07325742825288e-17,56.3768115942029
"82377","NC_035781.1",44165243,44165243,"+",2.31679815285738e-17,1.00062724917854e-15,-53.4722222222222
"82545","NC_035781.1",45110113,45110113,"+",2.39462931834127e-103,2.00643064594913e-99,65.184450895702
"82546","NC_035781.1",45110120,45110120,"+",5.84854629622765e-88,2.66514368125331e-84,64.8707889857123
"82547","NC_035781.1",45110204,45110204,"+",2.89208324660839e-13,7.62567025035531e-12,-51.2636100289681
"82918","NC_035781.1",46701098,46701098,"+",5.72752297046273e-28,6.93241691002779e-26,54.4614543466375
"82990","NC_035781.1",47215728,47215728,"+",1.32841491130614e-22,9.85855465491988e-21,52.0504385964912
"83010","NC_035781.1",47331063,47331063,"+",1.16986758240376e-16,4.65269489121414e-15,-56.1057692307692
"83505","NC_035781.1",49000883,49000883,"+",6.98932584109471e-33,1.27399573556451e-30,61.1087795870405
"83879","NC_035781.1",49178843,49178843,"+",8.49226784648732e-21,5.24572155333176e-19,-51.1500754147813
"84237","NC_035781.1",50711255,50711255,"+",2.14225272409355e-80,6.62428438377293e-77,-71.93893037091
"84959","NC_035781.1",52592743,52592743,"+",1.54307440823878e-151,5.01007736858497e-147,56.0003710156149
"86204","NC_035781.1",52956462,52956462,"+",4.07924409341679e-65,5.95260742886938e-62,-53.6219485212774
"86551","NC_035781.1",53358700,53358700,"+",7.38592661008781e-36,1.6872990976684e-33,56.9805289160128
"86553","NC_035781.1",53358849,53358849,"+",5.12212749173773e-24,4.3421935112706e-22,-55.9090909090909
"86578","NC_035781.1",53364502,53364502,"+",2.18518927180629e-55,1.75182855225409e-52,-58.8854149688088
"86622","NC_035781.1",53374026,53374026,"+",3.68690012528901e-25,3.47732264020668e-23,-57.1625978811608
"87612","NC_035781.1",53674858,53674858,"+",1.06876056119892e-26,1.15380481577473e-24,68.3216494845361
"87904","NC_035781.1",54151549,54151549,"+",1.69940154342897e-18,8.33166127552049e-17,54.6332046332046
"89158","NC_035781.1",54715614,54715614,"+",3.80026880917724e-33,7.00072076565512e-31,56.4012636538873
"89166","NC_035781.1",54716977,54716977,"+",1.24609225178817e-10,2.25882124546945e-09,-52.4872698785742
"89230","NC_035781.1",54737384,54737384,"+",1.64239234745561e-20,9.85227595094953e-19,56.7620650953984
"89430","NC_035781.1",54790380,54790380,"+",1.53949945936751e-20,9.26071360893718e-19,61.1523506539413
"89456","NC_035781.1",54799287,54799287,"+",8.99482437892358e-89,4.24793193872102e-85,55.4419665700154
"89811","NC_035781.1",56224735,56224735,"+",1.13662578230464e-25,1.12298632532202e-23,58.3225806451613
"89837","NC_035781.1",56296257,56296257,"+",7.22237719824621e-25,6.58468900448534e-23,63.1414267834793
"91882","NC_035781.1",59274789,59274789,"+",3.06628843856954e-38,8.29639313438613e-36,51.7533936651584
"91886","NC_035781.1",59274912,59274912,"+",5.33422665209681e-40,1.63004686264884e-37,61.2453531598513
"92178","NC_035781.1",59590230,59590230,"+",2.65723789691482e-18,1.27377384439437e-16,51.3275323516287
"92314","NC_035781.1",59602903,59602903,"+",8.04030469109247e-117,1.160239248615e-112,56.2950808060537
"92321","NC_035781.1",59604046,59604046,"+",1.152104224698e-44,4.81115042170301e-42,55.3857499432721
"92335","NC_035781.1",59605797,59605797,"+",3.9740455003877e-31,6.34053618843707e-29,-53.5464535464535
"92493","NC_035781.1",59696863,59696863,"+",3.27228026708014e-26,3.39440547960379e-24,-51.6698422779718
"92508","NC_035781.1",59698880,59698880,"+",1.18936229803391e-21,8.04927468451775e-20,66.4713759625042
"92613","NC_035781.1",59716718,59716718,"+",5.79958408096653e-71,1.09160449081555e-67,54.1202672605791
"92618","NC_035781.1",59717178,59717178,"+",5.14083215516673e-55,4.04638345037374e-52,56.1371073298429
"92781","NC_035781.1",59742650,59742650,"+",2.11141225960939e-27,2.40856049735428e-25,-65.0485436893204
"93855","NC_035782.1",3352882,3352882,"+",1.25274542232564e-18,6.23839389294195e-17,56.9444444444444
"94153","NC_035782.1",4508266,4508266,"+",1.10308142583608e-11,2.34333948589812e-10,-50.5148741418764
"94672","NC_035782.1",4729349,4729349,"+",3.37213228460818e-15,1.13885738599187e-13,55.3534303534303
"95266","NC_035782.1",6260448,6260448,"+",5.62231929676765e-31,8.85083618260095e-29,-54.2799776343212
"95341","NC_035782.1",6425689,6425689,"+",3.26669576843391e-22,2.32626494360327e-20,55.3931835491241
"95417","NC_035782.1",6675420,6675420,"+",1.11109217121098e-43,4.35295432424458e-41,-65.1284686536485
"95430","NC_035782.1",6685311,6685311,"+",3.10141069007364e-23,2.44707344340272e-21,-50.8384279475983
"95431","NC_035782.1",6685344,6685344,"+",1.77378816179684e-24,1.56552151662934e-22,-68.4149184149184
"95432","NC_035782.1",6685350,6685350,"+",1.02457291537081e-27,1.2102224158101e-25,-50.228851010101
"95468","NC_035782.1",6690565,6690565,"+",9.49172665630835e-96,5.7335594273009e-92,-65.6696000603195
"95506","NC_035782.1",6704213,6704213,"+",1.48439775816021e-56,1.27249244411082e-53,53.7268537401093
"96237","NC_035782.1",6897407,6897407,"+",1.27939257985638e-35,2.86974177064855e-33,-53.6407192712647
"96721","NC_035782.1",8707638,8707638,"+",1.03370746159824e-47,5.55901788579947e-45,52.2722044461175
"99393","NC_035782.1",15147633,15147633,"+",5.90077749005831e-46,2.74185814102911e-43,-68.4925767851064
"99395","NC_035782.1",15148527,15148527,"+",1.60036347398969e-25,1.55980018770166e-23,-50.0434782608696
"99591","NC_035782.1",15285001,15285001,"+",9.62300616328891e-25,8.71827616716854e-23,-54.1284403669725
"99619","NC_035782.1",15347936,15347936,"+",5.16207884232923e-32,8.85033177483321e-30,55.660303856642
"100951","NC_035782.1",19354458,19354458,"+",1.82096384754015e-33,3.43241393936413e-31,53.6017494211474
"101991","NC_035782.1",20856834,20856834,"+",3.31297619663273e-36,7.78759913979094e-34,-59.3838754008246
"104470","NC_035782.1",22251781,22251781,"+",1.61196365484413e-35,3.59090773121077e-33,-52.5861421815179
"104702","NC_035782.1",22559284,22559284,"+",7.15075295196457e-57,6.23279812863902e-54,52.5774922537654
"104768","NC_035782.1",22569028,22569028,"+",2.90337225093711e-23,2.29849753485676e-21,-50.1156236450354
"105402","NC_035782.1",23870429,23870429,"+",8.51285756691598e-32,1.43303564126783e-29,74.0659340659341
"106956","NC_035782.1",25351682,25351682,"+",2.4597664469958e-30,3.630184986043e-28,52.7054985278905
"107099","NC_035782.1",26339742,26339742,"+",9.61415661687116e-56,7.90263022093596e-53,-59.5431742170873
"107101","NC_035782.1",26344077,26344077,"+",7.38636513830105e-12,1.60967613025651e-10,-51.313535122787
"108459","NC_035782.1",29760017,29760017,"+",6.78595007521677e-31,1.05862945449318e-28,50.1901402391809
"108504","NC_035782.1",29947819,29947819,"+",3.20194583198098e-50,1.9802145222108e-47,56.0986660867044
"112765","NC_035782.1",34280755,34280755,"+",4.87406131722199e-10,8.01477646703992e-09,-50.3968253968254
"114442","NC_035782.1",34498894,34498894,"+",6.09478805265885e-32,1.03809312496506e-29,-55.0220750551876
"114443","NC_035782.1",34498896,34498896,"+",2.66880814384858e-46,1.26961563632742e-43,-71.5532178217822
"117935","NC_035782.1",35693356,35693356,"+",4.99878801435817e-31,7.91231720376868e-29,-55.8318425760286
"118992","NC_035782.1",37370861,37370861,"+",2.52435962143793e-58,2.46500122308504e-55,73.6453797774552
"118994","NC_035782.1",37370873,37370873,"+",7.35937025716625e-42,2.56585394433046e-39,75.1627767204247
"118996","NC_035782.1",37370882,37370882,"+",1.28929517575192e-25,1.26899677496225e-23,68.0344827586207
"119070","NC_035782.1",37843186,37843186,"+",9.31676151175303e-45,3.92854577135234e-42,-55.525050305242
"121257","NC_035782.1",41847824,41847824,"+",3.44550372518057e-54,2.65564716902509e-51,-54.1447289337661
"121659","NC_035782.1",43017703,43017703,"+",2.3123235640266e-25,2.21874759745463e-23,54.4062666904041
"122025","NC_035782.1",45180769,45180769,"+",7.13839367386188e-32,1.20792415571464e-29,-62.4988105433438
"122170","NC_035782.1",45857196,45857196,"+",8.46392282619501e-52,5.71029462303273e-49,52.1154543173391
"123077","NC_035782.1",46793651,46793651,"+",8.29506275346447e-11,1.54651366240124e-09,58.9169000933707
"124849","NC_035782.1",48662583,48662583,"+",2.23895348009552e-34,4.57199250485015e-32,60.8333333333333
"125010","NC_035782.1",48688411,48688411,"+",1.3455649858059e-26,1.43888045558267e-24,-58.6345381526104
"125011","NC_035782.1",48688414,48688414,"+",2.49551011097302e-28,3.11782974086252e-26,-56.0606060606061
"125504","NC_035782.1",49571337,49571337,"+",2.47977982839968e-25,2.37416490063244e-23,-58.6215022091311
"125532","NC_035782.1",49575757,49575757,"+",4.81909358882773e-29,6.3314946204453e-27,-61.1528822055138
"125723","NC_035782.1",49656583,49656583,"+",4.14284224889005e-11,8.08720455976755e-10,53.7116206762534
"125941","NC_035782.1",49693131,49693131,"+",1.87537203210949e-09,2.81003118711548e-08,51.3240857503153
"126689","NC_035782.1",50390336,50390336,"+",3.77249355729199e-27,4.21638183848846e-25,50.8443113772455
"126753","NC_035782.1",50620241,50620241,"+",6.47727927354317e-34,1.26499419464271e-31,55.616550754083
"127639","NC_035782.1",51594719,51594719,"+",5.01697827911452e-52,3.43835379239082e-49,-55.2398184197347
"129838","NC_035782.1",53681703,53681703,"+",1.32899771566061e-159,5.75334655938121e-155,-68.3955007213452
"129899","NC_035782.1",53693368,53693368,"+",1.35843971280143e-30,2.05862433696316e-28,61.3897051853256
"133144","NC_035782.1",57056677,57056677,"+",1.99592282742442e-08,2.51360677908813e-07,53.2467532467533
"133160","NC_035782.1",57057399,57057399,"+",3.47639988652648e-24,2.99395963509278e-22,51.7838196286472
"134311","NC_035782.1",58675231,58675231,"+",1.22005087918505e-15,4.33341138264178e-14,52.4660253473813
"134314","NC_035782.1",58675270,58675270,"+",1.79728530637748e-33,3.39024148981378e-31,50.7915677788636
"134721","NC_035782.1",58948371,58948371,"+",3.30758061270162e-34,6.62907583220828e-32,-50.4939418972876
"136662","NC_035782.1",61203971,61203971,"+",2.55039283458132e-14,7.69309404030596e-13,51.4949845679012
"138496","NC_035782.1",63438237,63438237,"+",4.00900406529382e-36,9.29749652977276e-34,68.0871828236825
"138719","NC_035782.1",63514945,63514945,"+",2.91690042301386e-57,2.63989867286478e-54,50.8899987194263
"138794","NC_035782.1",63564042,63564042,"+",1.0131098338124e-35,2.29625155921195e-33,-55.5155605549306
"139806","NC_035782.1",64758096,64758096,"+",4.21795650020339e-62,5.39701480720876e-59,53.1891025641026
"140893","NC_035782.1",65377029,65377029,"+",7.60624663879606e-24,6.35882248677292e-22,51.6207429851971
"140957","NC_035782.1",65431229,65431229,"+",3.37143897026274e-40,1.04004172266582e-37,-58.4490740740741
"142845","NC_035782.1",67715553,67715553,"+",6.46218657483118e-28,7.78896530230338e-26,57.4175824175824
"148609","NC_035783.1",2891929,2891929,"+",9.155442835415e-30,1.28336882965381e-27,52.8845098856729
"149048","NC_035783.1",4336101,4336101,"+",2.09542331969692e-26,2.20622689362956e-24,63.7449079926956
"149990","NC_035783.1",6430848,6430848,"+",9.44920082800152e-42,3.26815535745033e-39,-52.7257924562663
"150611","NC_035783.1",8555953,8555953,"+",3.56408628504956e-25,3.36515575473829e-23,-59.0686274509804
"156904","NC_035783.1",15005744,15005744,"+",2.48953789134321e-85,1.02642150423927e-81,-50.6423849854558
"157664","NC_035783.1",16217947,16217947,"+",1.04308181719884e-27,1.23152503576406e-25,53.2319294105576
"159836","NC_035783.1",17850325,17850325,"+",5.05884087487448e-15,1.67198078143751e-13,54.9563172043011
"160491","NC_035783.1",18125850,18125850,"+",1.20138280181872e-66,1.84647000412533e-63,-51.8411959460436
"162527","NC_035783.1",19526093,19526093,"+",6.98535037927819e-42,2.44200715478682e-39,50.0672109927313
"162579","NC_035783.1",19545474,19545474,"+",8.18739320852375e-17,3.31561612982192e-15,50.4852624011503
"163027","NC_035783.1",19594385,19594385,"+",8.88964468448203e-13,2.19528441125356e-11,51.4217379750199
"163841","NC_035783.1",19856041,19856041,"+",3.04308452839066e-18,1.45005803766211e-16,50.6929637526653
"166333","NC_035783.1",20710046,20710046,"+",7.42699759179713e-21,4.61734577526348e-19,61.1653272101033
"166334","NC_035783.1",20710064,20710064,"+",7.66729460929741e-28,9.14810778450983e-26,61.7194570135747
"166335","NC_035783.1",20710092,20710092,"+",1.1490087093927e-31,1.9189825876315e-29,83.9833315525163
"166351","NC_035783.1",20719352,20719352,"+",1.28236069406312e-52,9.12567261631046e-50,52.9867221244601
"167276","NC_035783.1",20844035,20844035,"+",6.67352436250411e-26,6.73694520456554e-24,70.4526315789474
"167281","NC_035783.1",20844475,20844475,"+",1.5795806408661e-55,1.27418791498238e-52,65.5899585262557
"167401","NC_035783.1",20856441,20856441,"+",5.08697893483807e-55,4.01616541788954e-52,55.1671377994895
"168056","NC_035783.1",20953373,20953373,"+",5.92805650017114e-173,5.13261431034496e-168,53.9725993883792
"168095","NC_035783.1",20959328,20959328,"+",1.94075231966652e-44,7.95112181303653e-42,50.3531567549559
"168396","NC_035783.1",21066969,21066969,"+",5.07715074398056e-111,5.27506238786643e-107,56.1989417681775
"168397","NC_035783.1",21066995,21066995,"+",1.19495964095559e-143,2.82168223105725e-139,61.7187557654699
"168429","NC_035783.1",21070059,21070059,"+",4.48124614682595e-37,1.12137016471549e-34,53.1645569620253
"168457","NC_035783.1",21071070,21071070,"+",4.27991291256583e-81,1.38960860916841e-77,52.5988379436655
"168510","NC_035783.1",21073267,21073267,"+",7.90578703080902e-45,3.36637758902069e-42,-50.704037712646
"168557","NC_035783.1",21076507,21076507,"+",6.40678009093858e-71,1.19721615376605e-67,51.1411302915439
"168595","NC_035783.1",21109546,21109546,"+",2.24344601775389e-46,1.07520228410993e-43,53.8412112432533
"168602","NC_035783.1",21111799,21111799,"+",2.913435696093e-22,2.08528788339264e-20,66.5147025302029
"168935","NC_035783.1",22397442,22397442,"+",5.82318779711777e-20,3.30538712758745e-18,50.8986415882968
"169064","NC_035783.1",22609861,22609861,"+",1.82921133086803e-20,1.09174835742381e-18,-56.4416775884666
"169247","NC_035783.1",23130126,23130126,"+",2.29193775899788e-23,1.82669487382486e-21,53.9158950617284
"169709","NC_035783.1",23674166,23674166,"+",3.21473076251175e-17,1.36640635545934e-15,-62.6373626373626
"169893","NC_035783.1",23889432,23889432,"+",5.46770492484042e-166,3.55052543879719e-161,-50.4597375625413
"171094","NC_035783.1",25301968,25301968,"+",1.16596800403767e-35,2.62211780550054e-33,-57.0774862721171
"171116","NC_035783.1",25304491,25304491,"+",3.81542156855322e-30,5.54271523856659e-28,-63.3853151397011
"171141","NC_035783.1",25307879,25307879,"+",1.33664330643121e-66,2.0422747009375e-63,-78.1472684085511
"171142","NC_035783.1",25307895,25307895,"+",7.89208527424e-65,1.13255876443987e-61,-50.6085359424513
"171375","NC_035783.1",26034431,26034431,"+",1.31643019918397e-18,6.53673181666625e-17,-52.2619047619048
"171446","NC_035783.1",26360834,26360834,"+",1.13808937259834e-35,2.56386179963967e-33,65.7971014492754
"172480","NC_035783.1",29749415,29749415,"+",7.89733540227734e-16,2.86054254533105e-14,57.6054041462847
"172558","NC_035783.1",30129117,30129117,"+",4.61761635586769e-22,3.24953600609384e-20,-50.9677419354839
"172756","NC_035783.1",30386526,30386526,"+",1.38465536881228e-11,2.90280550836904e-10,52.3529411764706
"173144","NC_035783.1",30742308,30742308,"+",2.20760544015602e-33,4.12528736210985e-31,52.4360442917144
"173891","NC_035783.1",32082627,32082627,"+",2.49961258695321e-37,6.3778231986151e-35,-53.3606366157754
"173988","NC_035783.1",32197765,32197765,"+",7.41968224869193e-18,3.38704207303776e-16,55.2380952380952
"174144","NC_035783.1",32417239,32417239,"+",1.99943770500168e-62,2.59672185404407e-59,-60.569157151176
"174736","NC_035783.1",32580031,32580031,"+",6.48735933650215e-34,1.26601091432478e-31,62.6811594202899
"177502","NC_035783.1",36262748,36262748,"+",1.31386909689672e-17,5.81580107827105e-16,57.3809523809524
"178073","NC_035783.1",36586660,36586660,"+",1.76007283315121e-20,1.05241825827727e-18,52.516838000709
"178791","NC_035783.1",38039087,38039087,"+",2.01168586571169e-16,7.80238572361547e-15,-51.0269865067466
"179343","NC_035783.1",41484689,41484689,"+",2.88817537811867e-20,1.68279436122185e-18,-59.3919325707405
"179381","NC_035783.1",41657100,41657100,"+",1.25343319200542e-21,8.46524363851319e-20,-50.609756097561
"179609","NC_035783.1",42295608,42295608,"+",7.03633728619422e-58,6.71931956234896e-55,-57.1643503939763
"180191","NC_035783.1",42871171,42871171,"+",2.10342641533598e-20,1.24596337612955e-18,-51.5819546307351
"180712","NC_035783.1",44312385,44312385,"+",1.08095538329876e-36,2.64132629659929e-34,-51.632412000945
"181260","NC_035783.1",45068803,45068803,"+",4.04402880429213e-47,2.03569209223867e-44,52.6878483618496
"181954","NC_035783.1",45436571,45436571,"+",6.99159567228676e-77,1.79805297125137e-73,51.4143403506711
"183845","NC_035783.1",46125339,46125339,"+",1.03635862071805e-47,5.56176011925737e-45,59.6190733818611
"184551","NC_035783.1",47273230,47273230,"+",5.17200654480188e-61,6.13426455283958e-58,56.7901322236582
"186426","NC_035783.1",48434287,48434287,"+",3.55123914593024e-41,1.18258636570872e-38,-53.4230944774076
"187349","NC_035783.1",49079097,49079097,"+",3.39956632997307e-11,6.71907683380756e-10,-50.7701692847339
"188285","NC_035783.1",50075653,50075653,"+",2.86197969760089e-21,1.86358867796427e-19,-52.9032258064516
"192397","NC_035783.1",57083698,57083698,"+",4.09574562944824e-11,8.00007758546822e-10,-51.2682926829268
"192987","NC_035783.1",57925336,57925336,"+",1.35130556493852e-32,2.39914662068032e-30,-58.8673621460507
"193004","NC_035783.1",57926773,57926773,"+",2.18565558787661e-24,1.91020718134901e-22,65.9069325735992
"193045","NC_035783.1",57931741,57931741,"+",4.75707646943025e-13,1.2167679336573e-11,50.830889540567
"193195","NC_035783.1",58186424,58186424,"+",1.43910080777552e-43,5.60419107315534e-41,60.3241822429907
"193341","NC_035783.1",58980061,58980061,"+",9.40805780903209e-43,3.45643277405329e-40,-65.2450980392157
"193946","NC_035784.1",1005578,1005578,"+",3.98099376745608e-74,8.83798350924022e-71,52.9184817643727
"194147","NC_035784.1",1046256,1046256,"+",2.65519087543737e-57,2.41144446560416e-54,-54.1341272567655
"194307","NC_035784.1",1062720,1062720,"+",5.14898732631412e-23,3.9851752243233e-21,-51.4226159458051
"194969","NC_035784.1",1924234,1924234,"+",3.18566788562966e-19,1.68237862476626e-17,-53.0829800121139
"195234","NC_035784.1",1992224,1992224,"+",2.43810254255254e-36,5.78342887752126e-34,61.0573042776433
"195365","NC_035784.1",2007283,2007283,"+",1.37651861002373e-38,3.83631028271899e-36,-51.3089560148384
"195454","NC_035784.1",2011998,2011998,"+",2.64944685638042e-57,2.41144446560416e-54,-60.1923251383471
"195773","NC_035784.1",2256855,2256855,"+",2.97995735512638e-19,1.57965235779484e-17,-52.3361823361823
"195855","NC_035784.1",2288951,2288951,"+",2.05492895566449e-48,1.15282496216652e-45,-55.2305435020136
"196022","NC_035784.1",2326140,2326140,"+",2.91339934647898e-21,1.89380002343903e-19,-54.9870191173
"196050","NC_035784.1",2333164,2333164,"+",1.03524753196192e-30,1.58737065990207e-28,57.8792650918635
"196051","NC_035784.1",2333299,2333299,"+",2.91088194297029e-27,3.28163041552355e-25,63.8782051282051
"196091","NC_035784.1",2338124,2338124,"+",6.30449528725743e-23,4.84056300829403e-21,-53.4511240393593
"196118","NC_035784.1",2340024,2340024,"+",1.5659973466667e-61,1.94622159325933e-58,-55.6345952897677
"196192","NC_035784.1",2348439,2348439,"+",5.67228554912985e-70,9.95506089980288e-67,-50.890647595191
"196414","NC_035784.1",2443680,2443680,"+",3.40458600559239e-44,1.37317533262036e-41,-61.1413959761717
"196741","NC_035784.1",2777423,2777423,"+",3.144837425768e-71,6.00629753119735e-68,-58.6031071570841
"196898","NC_035784.1",3040123,3040123,"+",1.89459273127565e-24,1.66704400700712e-22,50.1308933790825
"197924","NC_035784.1",3631156,3631156,"+",2.51411925232572e-17,1.08189270790817e-15,50.0674763832659
"198190","NC_035784.1",3912436,3912436,"+",8.05783373848893e-76,1.97451295626535e-72,-52.4629834000092
"198825","NC_035784.1",5236071,5236071,"+",1.44925262523772e-11,3.02942564429098e-10,-53.4495021337127
"199593","NC_035784.1",7656221,7656221,"+",9.32057002554508e-41,3.03000430334897e-38,54.654295532646
"199716","NC_035784.1",7825972,7825972,"+",7.68286614955733e-36,1.75359200150761e-33,56.7104836092178
"200647","NC_035784.1",8331781,8331781,"+",4.39992828947472e-13,1.1303120345642e-11,-51.0925855753442
"202386","NC_035784.1",9477060,9477060,"+",4.38701300748891e-12,9.86841278434856e-11,-55.049610205528
"202453","NC_035784.1",10016145,10016145,"+",2.56931841719217e-38,7.0101697193332e-36,-56.6869918699187
"205219","NC_035784.1",14145240,14145240,"+",4.1025449654353e-10,6.82169139161262e-09,54.649947753396
"205318","NC_035784.1",14247056,14247056,"+",1.03941439629074e-20,6.36902365761693e-19,-59.9587912087912
"205340","NC_035784.1",14259081,14259081,"+",1.60774967194255e-25,1.56641140126229e-23,-50.899209486166
"208343","NC_035784.1",18634308,18634308,"+",7.35635667896694e-23,5.60181303435231e-21,-58.0938416422288
"209106","NC_035784.1",21410058,21410058,"+",5.9124420810123e-19,3.03924108942594e-17,-59.0329835082459
"209107","NC_035784.1",21410065,21410065,"+",3.21150789150846e-18,1.52639304393196e-16,-56.6666666666667
"209490","NC_035784.1",21805785,21805785,"+",1.4773778582491e-26,1.5740025642908e-24,-53.4883720930233
"209567","NC_035784.1",21869175,21869175,"+",1.13766257142529e-20,6.93667619570957e-19,51.7746913580247
"209847","NC_035784.1",22572279,22572279,"+",1.08025954539e-16,4.31925174957451e-15,-57.2872133696075
"210463","NC_035784.1",25138821,25138821,"+",7.6086972418233e-18,3.46601662406784e-16,50.0147928994083
"211250","NC_035784.1",26800340,26800340,"+",2.74201242216758e-23,2.17672554472774e-21,66.6223908918406
"211265","NC_035784.1",26845665,26845665,"+",1.30440994922808e-14,4.08554490480246e-13,59.2013888888889
"211328","NC_035784.1",27176372,27176372,"+",2.47737281804329e-61,2.99295687500457e-58,-58.3710826210826
"213582","NC_035784.1",32778720,32778720,"+",1.97943180116512e-35,4.35349646971303e-33,51.8620877129395
"213803","NC_035784.1",33375190,33375190,"+",1.78543155713261e-14,5.51632328458804e-13,-54.1372462488967
"213989","NC_035784.1",34072924,34072924,"+",3.50691903571063e-36,8.19159558293684e-34,57.4835817783801
"215980","NC_035784.1",36745879,36745879,"+",8.702726202171e-30,1.22453492059358e-27,63.4058704453441
"216081","NC_035784.1",36788437,36788437,"+",1.81800661334432e-20,1.08531030434587e-18,51.1450381679389
"216119","NC_035784.1",36797030,36797030,"+",3.4127696903626e-58,3.30765144456746e-55,-56.4378819749242
"216488","NC_035784.1",36957812,36957812,"+",3.3563161889125e-40,1.03660768184892e-37,50.2112834766931
"218017","NC_035784.1",37751435,37751435,"+",1.12230915575739e-44,4.69427423072114e-42,-57.2006890611542
"218404","NC_035784.1",38226016,38226016,"+",7.08812480562087e-41,2.32462939542629e-38,54.1180956531213
"218687","NC_035784.1",39544459,39544459,"+",2.49050762335212e-16,9.56948862303394e-15,-51.6296296296296
"221181","NC_035784.1",42036909,42036909,"+",9.34994194080112e-81,2.96171055211514e-77,56.1362814796964
"221371","NC_035784.1",42103146,42103146,"+",6.55023971319201e-18,3.01025018355954e-16,-63.1054131054131
"221875","NC_035784.1",43356401,43356401,"+",1.62532442857806e-47,8.56329084111154e-45,-52.2551143200963
"225744","NC_035784.1",45667413,45667413,"+",1.19508473832729e-21,8.08379007446994e-20,56.4808743169399
"226395","NC_035784.1",45928234,45928234,"+",7.30300858404039e-85,2.91834079043786e-81,56.5950950074878
"228177","NC_035784.1",46805445,46805445,"+",1.45974749063707e-47,7.72224891240194e-45,70.8438196071625
"228703","NC_035784.1",47479565,47479565,"+",4.22932158022407e-26,4.3420791738503e-24,-51.0090889572747
"229158","NC_035784.1",47714321,47714321,"+",5.5537550996538e-34,1.09284946699155e-31,58.3448616600791
"230690","NC_035784.1",49941161,49941161,"+",6.27049657096272e-14,1.80169409505537e-12,52.9237288135593
"230760","NC_035784.1",49990877,49990877,"+",2.06663273209761e-17,8.96605908427152e-16,51.7558580396544
"230880","NC_035784.1",50083564,50083564,"+",1.86455473029213e-25,1.80847335299231e-23,-51.8843541503877
"230903","NC_035784.1",50085313,50085313,"+",5.32742252981583e-35,1.13331080677014e-32,50.7468553459119
"231750","NC_035784.1",50724128,50724128,"+",3.63775048016898e-22,2.57954755696297e-20,53.4308394954328
"232379","NC_035784.1",51552242,51552242,"+",3.26054651644789e-27,3.6599453178299e-25,53.8568823087652
"233026","NC_035784.1",52291764,52291764,"+",1.44895699873396e-244,3.76359642990668e-239,59.5065696306969
"233117","NC_035784.1",52580951,52580951,"+",6.65800498561521e-09,9.1414785775067e-08,50.7936507936508
"233123","NC_035784.1",52581120,52581120,"+",5.58105789710705e-75,1.30599375436472e-71,-52.939623305756
"233135","NC_035784.1",52581363,52581363,"+",5.80866091343417e-97,3.7719296527504e-93,-72.9622680842193
"233155","NC_035784.1",52581684,52581684,"+",4.97774543663063e-38,1.32882378656015e-35,-59.676268055089
"233158","NC_035784.1",52582703,52582703,"+",3.74685704415873e-22,2.65401739220854e-20,60.3361344537815
"233247","NC_035784.1",52601241,52601241,"+",1.06432155373006e-30,1.63098777427017e-28,51.9230769230769
"235316","NC_035784.1",53282858,53282858,"+",1.91284418408185e-77,5.01870826615323e-74,53.671088175967
"235322","NC_035784.1",53283229,53283229,"+",1.68577594566493e-21,1.12274930921942e-19,55.8994599085999
"235356","NC_035784.1",53289052,53289052,"+",5.42980370283707e-17,2.24223452236878e-15,-51.2458369310473
"235460","NC_035784.1",53329760,53329760,"+",6.14135095409736e-24,5.17245948859544e-22,50.4058797718298
"236103","NC_035784.1",53515950,53515950,"+",4.93279479018329e-15,1.6323988140229e-13,50.5649717514124
"236475","NC_035784.1",53739782,53739782,"+",2.94093839323789e-31,4.74468737134779e-29,-65.1404151404151
"236821","NC_035784.1",53991052,53991052,"+",2.42373702540578e-20,1.42433051536213e-18,-51.7628790646693
"236827","NC_035784.1",53991915,53991915,"+",1.66935392876843e-16,6.53809846702858e-15,-52.5070290534208
"236872","NC_035784.1",53995724,53995724,"+",3.33217976108153e-28,4.11955135110963e-26,-55.8517390200558
"237061","NC_035784.1",54028109,54028109,"+",5.45019581079004e-57,4.79885514229087e-54,50.2696991968082
"237506","NC_035784.1",54347059,54347059,"+",6.51866150359038e-80,1.92408081249599e-76,72.5568436951463
"237700","NC_035784.1",54639923,54639923,"+",1.04439539660021e-65,1.55015259330481e-62,-51.9264511476986
"238118","NC_035784.1",54998519,54998519,"+",6.2646010033305e-38,1.66380380006631e-35,-50.649821876237
"238493","NC_035784.1",55154350,55154350,"+",1.54406804595354e-49,9.15671876999521e-47,-51.094362605154
"238494","NC_035784.1",55154408,55154408,"+",1.76503216275552e-52,1.24243537538129e-49,-55.4262142015276
"238831","NC_035784.1",55379467,55379467,"+",2.16784062131122e-17,9.38164315274019e-16,57.0766032304494
"238863","NC_035784.1",55404564,55404564,"+",3.84849740220599e-18,1.81717646624965e-16,-53.4293899561847
"239559","NC_035784.1",57133704,57133704,"+",7.47277759712178e-40,2.25962538079051e-37,57.5700204351485
"239591","NC_035784.1",57140177,57140177,"+",1.69594760102442e-21,1.12894482156471e-19,-50.8242346392635
"239679","NC_035784.1",57163871,57163871,"+",1.35008494999503e-19,7.38425145753037e-18,-63.7755102040816
"240283","NC_035784.1",57514693,57514693,"+",4.58316273408391e-37,1.14466786206795e-34,53.8690476190476
"240513","NC_035784.1",57785890,57785890,"+",3.78074008543557e-56,3.15764995326892e-53,-50.3389447008779
"242122","NC_035784.1",59002732,59002732,"+",3.90996234488227e-29,5.17104887300103e-27,54.9924242424243
"242226","NC_035784.1",59129087,59129087,"+",2.20178676247603e-87,9.6932808417799e-84,70.4981807761443
"242488","NC_035784.1",59312760,59312760,"+",4.72190418665023e-09,6.64621222812132e-08,-50.5291723202171
"242627","NC_035784.1",59387901,59387901,"+",7.56398742538416e-18,3.44806865266514e-16,-67.719298245614
"242943","NC_035784.1",59679679,59679679,"+",1.10621814663072e-61,1.38809114564701e-58,61.6812578166875
"244237","NC_035784.1",60464772,60464772,"+",2.07950122995767e-53,1.52582058780135e-50,60.2624363493929
"244247","NC_035784.1",60466859,60466859,"+",1.77151560938311e-31,2.91229555528643e-29,51.8230544095349
"245057","NC_035784.1",61208184,61208184,"+",3.88742740995457e-39,1.11820670786763e-36,52.5581395348837
"245383","NC_035784.1",61728079,61728079,"+",6.24872014904031e-12,1.37525431333551e-10,58.9783281733746
"247962","NC_035784.1",64469388,64469388,"+",6.06455665732792e-31,9.49511486063144e-29,-55.0638371290545
"249100","NC_035784.1",65591167,65591167,"+",1.57479564990788e-10,2.80745113337601e-09,52.0009643201543
"250041","NC_035784.1",65903451,65903451,"+",1.46799592309184e-11,3.06458131093423e-10,-51.962962962963
"253470","NC_035784.1",67943442,67943442,"+",3.75412615494017e-37,9.44880130275901e-35,-58.3240802428011
"253553","NC_035784.1",67990333,67990333,"+",1.93261416173963e-16,7.51253031112721e-15,53.5967399007796
"253562","NC_035784.1",67991199,67991199,"+",5.34358630545051e-147,1.54218995377472e-142,62.313587368154
"253817","NC_035784.1",68693108,68693108,"+",2.61991097259041e-22,1.88402361936376e-20,-58.5347985347985
"254163","NC_035784.1",68855035,68855035,"+",9.82742533989093e-84,3.64660954216479e-80,-53.4400888293055
"254754","NC_035784.1",69554491,69554491,"+",7.57016961234789e-27,8.29668907912601e-25,-72.7218864794407
"258508","NC_035784.1",75291847,75291847,"+",1.2178781526645e-42,4.44919858089494e-40,-75.6345177664975
"258550","NC_035784.1",75314858,75314858,"+",3.88168413132208e-29,5.13888311966259e-27,-51.8969794250693
"258912","NC_035784.1",76218383,76218383,"+",5.35528077919722e-25,4.96257060992236e-23,63.8339920948617
"260486","NC_035784.1",79293415,79293415,"+",1.39460526131832e-45,6.24555240390492e-43,55.1282051282051
"261279","NC_035784.1",79841167,79841167,"+",5.63990812562758e-51,3.62608696147349e-48,51.3280145815151
"261282","NC_035784.1",79841227,79841227,"+",5.96454817893008e-101,4.55665538806879e-97,-54.9254843517139
"261974","NC_035784.1",81666533,81666533,"+",9.12967556470543e-40,2.74149077011823e-37,-65.8603248405642
"262296","NC_035784.1",81784752,81784752,"+",4.74747850642396e-12,1.06258923885566e-10,51.7203107658158
"262796","NC_035784.1",82092356,82092356,"+",2.92222491571523e-14,8.75067939357096e-13,-51.7307692307692
"263145","NC_035784.1",82548251,82548251,"+",5.19737080945494e-19,2.68228131010227e-17,-57.1286750668194
"264455","NC_035784.1",84939270,84939270,"+",3.17433425979682e-45,1.39041842437531e-42,50.4766166609842
"264476","NC_035784.1",84951458,84951458,"+",7.40491290817843e-29,9.59775785466026e-27,-52.131259419342
"265323","NC_035784.1",85967659,85967659,"+",7.49613059936441e-13,1.86932030781512e-11,-58.4541062801932
"265790","NC_035784.1",86309405,86309405,"+",1.34320633885362e-06,1.17984314161879e-05,-50.4385964912281
"268151","NC_035784.1",87733520,87733520,"+",2.38775942811244e-104,2.13865199706721e-100,-58.2871756582072
"268173","NC_035784.1",87735301,87735301,"+",1.51315370158068e-62,1.99509862532525e-59,55.2893518518519
"268274","NC_035784.1",87874189,87874189,"+",1.28880163234608e-14,4.03860602456145e-13,52.3349436392915
"268811","NC_035784.1",88305441,88305441,"+",5.28762076437487e-17,2.18873972439694e-15,52.9237288135593
"268907","NC_035784.1",88794180,88794180,"+",4.19543955713729e-60,4.75871326511072e-57,-64.7171121138494
"269086","NC_035784.1",89193227,89193227,"+",5.44190922994956e-25,5.03745497960668e-23,60.7658157602664
"269285","NC_035784.1",89588290,89588290,"+",3.60610025985669e-09,5.1715286932798e-08,52.1505376344086
"269710","NC_035784.1",90457417,90457417,"+",2.50732580313006e-47,1.28708670472531e-44,-80.0548589341693
"269923","NC_035784.1",90812485,90812485,"+",2.99231120342108e-17,1.27667297678267e-15,51.1895321173672
"270135","NC_035784.1",90909623,90909623,"+",2.16350803082117e-75,5.20334122584807e-72,-65.992154273091
"270218","NC_035784.1",90916598,90916598,"+",4.34075037492234e-88,2.01337344089186e-84,50.1219208432203
"270535","NC_035784.1",91582933,91582933,"+",4.0289322734019e-20,2.31730705929313e-18,-53.8045112781955
"270876","NC_035784.1",92841544,92841544,"+",3.08626692502949e-17,1.31438441892846e-15,-56.289592760181
"273069","NC_035784.1",94932868,94932868,"+",3.89416623224716e-23,3.04757768614132e-21,51.7418394137701
"273600","NC_035784.1",95098214,95098214,"+",2.57769232640659e-10,4.42848892192409e-09,-50.6696428571429
"273710","NC_035784.1",96023006,96023006,"+",3.40243679073233e-59,3.59254742251134e-56,-56.6227865390914
"273715","NC_035784.1",96023083,96023083,"+",4.60974168195664e-103,3.74174478438695e-99,67.1469059990553
"273845","NC_035784.1",96107107,96107107,"+",1.68145047901026e-47,8.84106703121126e-45,53.4160411453989
"274531","NC_035784.1",96552801,96552801,"+",6.84769561146376e-18,3.13806660046075e-16,50.0833333333333
"274754","NC_035784.1",96594026,96594026,"+",2.67713326675944e-45,1.18260637457685e-42,-57.6766371857299
"275145","NC_035784.1",97120641,97120641,"+",3.1453443297796e-50,1.94985233921923e-47,54.5974765974766
"275414","NC_035784.1",97250746,97250746,"+",1.89633001080813e-09,2.83979614245708e-08,52.1881287726358
"276777","NC_035785.1",4685166,4685166,"+",8.43937012014634e-35,1.78363383403323e-32,74.0215053763441
"276904","NC_035785.1",4744968,4744968,"+",3.99786973867451e-37,1.0033116167198e-34,60.8271397746344
"277350","NC_035785.1",8268553,8268553,"+",1.70774521684653e-12,4.06209137170797e-11,-55.846917080085
"278114","NC_035785.1",11013151,11013151,"+",7.90954698241676e-21,4.9044329403928e-19,-52.3085610042132
"278397","NC_035785.1",12703932,12703932,"+",6.22713023405873e-30,8.8628343208329e-28,56.1190476190476
"278747","NC_035785.1",14156208,14156208,"+",1.64640047237861e-22,1.21008670043703e-20,64.4927536231884
"279323","NC_035785.1",14598067,14598067,"+",7.51434239063208e-22,5.17585377408155e-20,55.8558558558559
"280589","NC_035785.1",16944853,16944853,"+",4.91287522400122e-18,2.2897825537112e-16,59.3941717791411
"280723","NC_035785.1",17356835,17356835,"+",3.93036328789287e-41,1.30382253630544e-38,58.6745689655172
"281838","NC_035785.1",29830588,29830588,"+",2.81967693791734e-42,1.01159887341524e-39,54.4203235944593
"282107","NC_035785.1",31237990,31237990,"+",1.08871492461867e-87,4.87566360404495e-84,54.2510883175357
"282119","NC_035785.1",31238803,31238803,"+",1.15149582257922e-18,5.75848145345649e-17,59.6476816356334
"282758","NC_035785.1",31878920,31878920,"+",4.36528362003622e-24,3.7249064384217e-22,-57.516339869281
"283627","NC_035785.1",32529156,32529156,"+",8.43538762786951e-23,6.38976829607939e-21,-50.3212908753391
"284319","NC_035785.1",33207618,33207618,"+",9.75452024171119e-48,5.25661811063058e-45,51.3123359580052
"286236","NC_035785.1",35798192,35798192,"+",1.26897492419405e-59,1.3849166422743e-56,-54.0670887439715
"289103","NC_035785.1",41843042,41843042,"+",1.20224379017428e-14,3.78425918929023e-13,-55.5555555555556
"291388","NC_035785.1",43783768,43783768,"+",2.04575339441277e-68,3.3845519068754e-65,55.6698564593301
"296421","NC_035786.1",8624214,8624214,"+",2.41710871636088e-20,1.42075676906809e-18,60.4520547945206
"296790","NC_035786.1",9998395,9998395,"+",2.29224214690257e-21,1.50886701135426e-19,52.7522154055896
"296915","NC_035786.1",11897415,11897415,"+",9.26399062807751e-16,3.33140967849775e-14,56.2288073123987
"297106","NC_035786.1",13808096,13808096,"+",8.57004436976508e-43,3.1574865144863e-40,63.8273651414991
"297785","NC_035786.1",14799932,14799932,"+",6.45770480119302e-75,1.48438752513456e-71,-64.1468875951635
"298651","NC_035786.1",18065666,18065666,"+",9.45766904796323e-15,3.01125797135994e-13,50.3887510339123
"300307","NC_035786.1",29945222,29945222,"+",2.26637507121209e-13,6.06636514445811e-12,54.038882803943
"300795","NC_035786.1",33053639,33053639,"+",5.7475139013037e-21,3.61561932057096e-19,50.709219858156
"301017","NC_035786.1",33817806,33817806,"+",3.83947429095481e-34,7.64203114281994e-32,55.107230874102
"301260","NC_035786.1",34083839,34083839,"+",3.79744609828359e-22,2.68911789072395e-20,-59.2037890424987
"301398","NC_035786.1",34109668,34109668,"+",7.33628526835859e-38,1.93458372914876e-35,66.0388332140301
"301811","NC_035786.1",34346036,34346036,"+",6.24159822305895e-92,3.24245050884767e-88,58.0751664228783
"301863","NC_035786.1",34361446,34361446,"+",2.12975567659958e-110,2.12766861532583e-106,70.4102167182663
"301964","NC_035786.1",34368875,34368875,"+",6.14422824387004e-57,5.39166847474721e-54,-51.9849035504613
"301994","NC_035786.1",34372005,34372005,"+",1.81151067439704e-81,5.95609144786203e-78,50.3948511411198
"303163","NC_035786.1",38653052,38653052,"+",3.95108093833925e-35,8.46062948422927e-33,53.4679312901631
"303983","NC_035786.1",40104349,40104349,"+",2.89979953323166e-31,4.68122464181637e-29,62.3566391980291
"304540","NC_035786.1",41487043,41487043,"+",1.00024808642346e-37,2.616411393574e-35,56.3992834394904
"304555","NC_035786.1",41487754,41487754,"+",1.65977203376313e-61,2.05294209039363e-58,-53.004257644407
"304577","NC_035786.1",41491820,41491820,"+",1.07491472851122e-22,8.05550935283796e-21,50.8469387755102
"304829","NC_035786.1",42150387,42150387,"+",1.83369122545463e-16,7.13974690931675e-15,-51.1335381015065
"305063","NC_035786.1",42411777,42411777,"+",8.29823688193757e-45,3.51619461522177e-42,-64.4565217391304
"305122","NC_035786.1",42414570,42414570,"+",2.22618907718823e-30,3.30046777440745e-28,56.1601415616014
"305186","NC_035786.1",42447009,42447009,"+",1.03768515114069e-56,8.98445832326909e-54,-61.559013380071
"305448","NC_035786.1",42515700,42515700,"+",4.67008072690838e-19,2.42025360940544e-17,52.1265851195152
"305618","NC_035786.1",42548091,42548091,"+",6.36718612344466e-27,7.01674208845727e-25,50.3655978423734
"306038","NC_035786.1",42612850,42612850,"+",1.37380825421961e-15,4.84179262423535e-14,56.9444444444444
"306955","NC_035786.1",43235782,43235782,"+",4.72226525930312e-23,3.66363736998304e-21,-53.2911392405063
"306961","NC_035786.1",43236838,43236838,"+",1.51880959141158e-12,3.6379889292967e-11,-53.0769230769231
"306980","NC_035786.1",43256646,43256646,"+",5.17274662277613e-34,1.01864758815942e-31,-62.3262680586312
"309262","NC_035786.1",49056852,49056852,"+",1.05077580112701e-57,9.85321239550805e-55,-57.3039060019054
"310205","NC_035786.1",50905233,50905233,"+",1.86696992413504e-38,5.15341656714539e-36,50.5766884773206
"311581","NC_035786.1",53586489,53586489,"+",4.21501675335301e-23,3.28777904112356e-21,-51.7045454545455
"312717","NC_035786.1",56639173,56639173,"+",2.09247905259346e-98,1.43029319835548e-94,55.5327510222265
"313199","NC_035786.1",57121447,57121447,"+",1.14693773171306e-27,1.34740653285225e-25,56.4992566737767
"313990","NC_035787.1",2052511,2052511,"+",8.6028841235933e-29,1.10896176751214e-26,55
"314699","NC_035787.1",7167896,7167896,"+",3.67311643205407e-89,1.80014039016943e-85,54.7910848865509
"314797","NC_035787.1",7855103,7855103,"+",2.24964339417924e-23,1.79518924921098e-21,-51.8253968253968
"314799","NC_035787.1",7855121,7855121,"+",1.2503028854525e-40,4.01434101603984e-38,-63.2991281176223
"315207","NC_035787.1",8650893,8650893,"+",2.49035580926784e-24,2.166302739235e-22,-50.100713158038
"316558","NC_035787.1",14736344,14736344,"+",1.15529097247067e-83,4.22649716487489e-80,56.7635119086178
"317154","NC_035787.1",18018537,18018537,"+",5.42508505237036e-57,4.79299274729103e-54,52.9734077313628
"317214","NC_035787.1",18058089,18058089,"+",3.26700587797468e-40,1.01142924287936e-37,-63.9569425901202
"317433","NC_035787.1",19062110,19062110,"+",2.55023967772175e-36,6.02741170199973e-34,-51.3782460621541
"318098","NC_035787.1",23056763,23056763,"+",6.50100621073687e-52,4.40889095877069e-49,-55.4496310906567
"318603","NC_035787.1",26136337,26136337,"+",3.80539817175558e-59,4.00175690416328e-56,-58.6526315789474
"318799","NC_035787.1",26805834,26805834,"+",1.71850851874559e-27,1.98036539367207e-25,67.1969696969697
"321573","NC_035787.1",35987932,35987932,"+",1.82336936917141e-75,4.4262753604743e-72,-71.388045640113
"322668","NC_035787.1",36929768,36929768,"+",4.63012179214093e-25,4.31212609195661e-23,58.9304029304029
"324094","NC_035787.1",40995377,40995377,"+",3.55426488137567e-48,1.96845050223433e-45,69.1246958188924
"324480","NC_035787.1",42603399,42603399,"+",1.00297407367029e-17,4.50410984643096e-16,57.2930866601753
"324811","NC_035787.1",42755938,42755938,"+",4.07843735072738e-11,7.9686668781989e-10,-54.9019607843137
"325634","NC_035787.1",43903511,43903511,"+",3.94283200281061e-17,1.66174222769487e-15,-52.9679291147181
"325847","NC_035787.1",44016222,44016222,"+",4.62485470414356e-39,1.32299985259643e-36,70.3349833083919
"325894","NC_035787.1",44144693,44144693,"+",7.83820512484769e-20,4.38779364828263e-18,50.4798540609137
"326851","NC_035787.1",45654371,45654371,"+",4.78138776075404e-15,1.58532368924027e-13,52.7235564639755
"326917","NC_035787.1",45658937,45658937,"+",1.92355457593792e-36,4.59644978246297e-34,-56.3772264631043
"328081","NC_035787.1",47281093,47281093,"+",2.8342292164875e-25,2.69958734520236e-23,50.9390629784628
"328775","NC_035787.1",47787951,47787951,"+",1.4910655694949e-26,1.58793416414551e-24,-63.433014354067
"329058","NC_035787.1",48000628,48000628,"+",1.56922256410659e-13,4.29502684698903e-12,-54.3928665093103
"329977","NC_035787.1",48392397,48392397,"+",2.44428510287605e-16,9.40301173772601e-15,-51.4386337962655
"331231","NC_035787.1",51397492,51397492,"+",9.80465117895228e-41,3.16755124409386e-38,-52.3656518595871
"331492","NC_035787.1",51474327,51474327,"+",2.12749019916248e-99,1.53501498074239e-95,-59.0588716181133
"331643","NC_035787.1",52112611,52112611,"+",1.42184465514424e-39,4.20634785368855e-37,-51.7070129650567
"332495","NC_035787.1",52788270,52788270,"+",2.90684507514925e-85,1.17974857913773e-81,-52.4861487950022
"332672","NC_035787.1",52849924,52849924,"+",4.02757633760622e-74,8.86562432327039e-71,-55.4358707547678
"333357","NC_035787.1",53342425,53342425,"+",3.61811020569376e-70,6.4812882955576e-67,-61.4756538763432
"333509","NC_035787.1",53514334,53514334,"+",7.47658204568205e-19,3.80860245027914e-17,52.3915697828741
"333573","NC_035787.1",53528805,53528805,"+",7.29873176496525e-33,1.32852882306008e-30,63.8886075949367
"333722","NC_035787.1",54271742,54271742,"+",9.33390916375267e-11,1.72619310477684e-09,-58.2417582417582
"333769","NC_035787.1",54652600,54652600,"+",1.03036394491181e-26,1.11327829215128e-24,60.7785393017777
"334252","NC_035787.1",55630870,55630870,"+",2.41405403494381e-41,8.15395289178868e-39,-59.478650400305
"334456","NC_035787.1",55930619,55930619,"+",3.05422059431866e-23,2.41057179014366e-21,52.3070987654321
"334467","NC_035787.1",55936732,55936732,"+",9.92076147315789e-27,1.07593749196215e-24,-50.455680977054
"334703","NC_035787.1",56264109,56264109,"+",9.88602869100925e-49,5.69367764829844e-46,-56.0690870050137
"334709","NC_035787.1",56264363,56264363,"+",8.08610030400708e-11,1.51037382331204e-09,63.0371297455152
"335842","NC_035787.1",59103899,59103899,"+",2.59908213528239e-55,2.07085625935392e-52,-59.7297297297297
"335963","NC_035787.1",59175631,59175631,"+",5.29324017028666e-11,1.01708373342183e-09,62.9644268774704
"335972","NC_035787.1",59176226,59176226,"+",1.61269670493539e-40,5.12090767372402e-38,-61.244616709733
"336212","NC_035787.1",59437353,59437353,"+",3.10762563279296e-44,1.25730666539428e-41,-58.3245345929425
"337748","NC_035787.1",60366843,60366843,"+",3.87800141448104e-19,2.02837756748035e-17,-51.4767728525161
"339497","NC_035787.1",61149802,61149802,"+",4.40697494371766e-17,1.847765361693e-15,-53.7004442209371
"340625","NC_035787.1",61702195,61702195,"+",1.61354232592771e-14,5.00190826727115e-13,52.6436781609195
"341324","NC_035787.1",61910997,61910997,"+",3.96959119225351e-42,1.40858238560982e-39,-59.9215466517232
"341328","NC_035787.1",61911190,61911190,"+",1.1824001369182e-13,3.27772437967951e-12,-50.3508771929825
"342982","NC_035787.1",63698647,63698647,"+",6.34252561403974e-34,1.24054266641791e-31,52.2935506901476
"343104","NC_035787.1",64163922,64163922,"+",1.40826564304725e-27,1.63445155574765e-25,56.1611529642974
"343105","NC_035787.1",64163924,64163924,"+",6.0100508204722e-32,1.02500454709312e-29,51.0367739718181
"343524","NC_035787.1",64479022,64479022,"+",3.16275799209367e-18,1.50459935081398e-16,61.7647058823529
"344374","NC_035787.1",69040757,69040757,"+",1.83903103499271e-20,1.09685305690396e-18,51.8523802729824
"344497","NC_035787.1",69874030,69874030,"+",1.76953672845303e-24,1.56230011178895e-22,-59.149959903769
"344578","NC_035787.1",70578759,70578759,"+",1.73675858354198e-47,9.05852864830218e-45,-61.2840746054519
"345117","NC_035787.1",72586549,72586549,"+",2.31505181513527e-28,2.90354236984022e-26,52.1147414458451
"345646","NC_035787.1",73255303,73255303,"+",1.21473276407419e-31,2.02586325371948e-29,64.3415906127771
"345664","NC_035787.1",73806757,73806757,"+",1.38769299867035e-12,3.33870518987359e-11,-50.9516256938937
"345732","NC_035787.1",74014235,74014235,"+",2.73371100140983e-34,5.52152678024331e-32,-59.072375127421
"345874","NC_035787.1",75185538,75185538,"+",3.38747069374539e-17,1.43630312422672e-15,54.1385052404741
"346338","NC_035788.1",3144298,3144298,"+",2.9166189057996e-26,3.04003931125063e-24,50.013543202817
"347360","NC_035788.1",11940135,11940135,"+",1.07786700472228e-76,2.74481170372592e-73,53.3793215387112
"347381","NC_035788.1",11942447,11942447,"+",8.69782955580021e-63,1.16454617678633e-59,-66.4072245322245
"347685","NC_035788.1",13021324,13021324,"+",6.21070064776747e-32,1.05714269801816e-29,57.5867552909514
"348479","NC_035788.1",18651925,18651925,"+",2.14893428339576e-19,1.15468637003553e-17,51.22665514427
"349344","NC_035788.1",20566859,20566859,"+",2.43296926799169e-16,9.36086681378898e-15,-62.6666666666667
"349456","NC_035788.1",21824250,21824250,"+",1.0746703326747e-99,7.97544210059896e-96,-53.2087361645975
"349724","NC_035788.1",22718207,22718207,"+",1.01701154840763e-35,2.30308526914439e-33,63.9795918367347
"349955","NC_035788.1",26653091,26653091,"+",1.82050224617698e-16,7.09051944969838e-15,-67.2911787665886
"350432","NC_035788.1",35758621,35758621,"+",1.01318457637022e-26,1.0969980938192e-24,50.3707627118644
"352852","NC_035788.1",46203997,46203997,"+",1.84574469496837e-72,3.68787190243202e-69,-59.3561841699531
"353145","NC_035788.1",46234974,46234974,"+",1.59584814623647e-24,1.41617326702233e-22,-83.6734693877551
"353336","NC_035788.1",46282477,46282477,"+",2.52352377270892e-18,1.21338988825472e-16,50.7542236524537
"354075","NC_035788.1",48218754,48218754,"+",1.55770924286601e-77,4.12864813991232e-74,60.5472450371111
"354097","NC_035788.1",48219079,48219079,"+",1.17695304641544e-81,3.97023271036217e-78,50.764825358772
"354700","NC_035788.1",48520659,48520659,"+",2.34889309477076e-79,6.70454654012399e-76,51.4134119900582
"354758","NC_035788.1",48523420,48523420,"+",6.20399416328066e-87,2.64173406547558e-83,57.2023923269893
"355059","NC_035788.1",48573532,48573532,"+",6.66117779119295e-96,4.11954532940602e-92,52.7349222518826
"355070","NC_035788.1",48576354,48576354,"+",1.52245930590169e-39,4.4859286287022e-37,55.1036833633179
"355537","NC_035788.1",49531183,49531183,"+",4.92330999229396e-14,1.43540935939711e-12,58.6824324324324
"355985","NC_035788.1",51732939,51732939,"+",1.54640892282984e-29,2.12076195188265e-27,57.9677827331425
"359353","NC_035788.1",56052704,56052704,"+",2.27772397141553e-31,3.71159282376975e-29,-73.2383067999506
"359369","NC_035788.1",56054015,56054015,"+",6.98951596796809e-89,3.36202464393422e-85,53.859649122807
"359374","NC_035788.1",56054093,56054093,"+",2.35025280033221e-68,3.86371463392889e-65,-56.7702086831374
"359375","NC_035788.1",56054102,56054102,"+",2.11815895840137e-47,1.09380049295509e-44,-56.3592589957067
"359468","NC_035788.1",56154691,56154691,"+",5.39132044713663e-25,4.99418571025298e-23,54.3772032902468
"359517","NC_035788.1",56161205,56161205,"+",3.506010175503e-16,1.32230195547431e-14,51.6440422322775
"359702","NC_035788.1",56266257,56266257,"+",1.07838322636867e-51,7.25660310572766e-49,51.6763568219494
"359704","NC_035788.1",56266321,56266321,"+",4.85167423549237e-43,1.82373249412589e-40,50.0074515648286
"359835","NC_035788.1",56304984,56304984,"+",3.92802423608147e-18,1.85304302291727e-16,57.1815718157181
"360063","NC_035788.1",56875481,56875481,"+",1.43853511677617e-32,2.54878996624038e-30,-51.8256139665168
"360931","NC_035788.1",59053242,59053242,"+",6.40139019881541e-26,6.47228670713103e-24,73.9910313901345
"360932","NC_035788.1",59053338,59053338,"+",1.42509348648185e-58,1.43473337185576e-55,59.5465752600878
"361708","NC_035788.1",61986492,61986492,"+",2.20948590222501e-33,4.12583310102276e-31,-53.7414965986395
"363074","NC_035788.1",64582354,64582354,"+",4.15773105354742e-44,1.6640227033076e-41,-68.1609288075466
"363695","NC_035788.1",65572755,65572755,"+",2.14528031260867e-29,2.90827917462423e-27,51.077239693871
"363703","NC_035788.1",65573007,65573007,"+",2.50322415228397e-51,1.6586747153621e-48,51.4816675037669
"363716","NC_035788.1",65579241,65579241,"+",7.70350530454232e-50,4.71921844199348e-47,-56.5455166913524
"363724","NC_035788.1",65581768,65581768,"+",5.04800573009293e-44,2.01412491421212e-41,-70.1393728222996
"363725","NC_035788.1",65581783,65581783,"+",1.55471008940459e-43,6.04533685567943e-41,-74.1589811155029
"364382","NC_035788.1",66163902,66163902,"+",1.15475912052859e-43,4.51721615528019e-41,58.722785730085
"364414","NC_035788.1",66170051,66170051,"+",1.49176932269335e-29,2.04799122177009e-27,-63.6418632788869
"364598","NC_035788.1",66989252,66989252,"+",4.84498121704087e-17,2.01967689607378e-15,54.8626045400239
"364691","NC_035788.1",67025455,67025455,"+",2.28024166198768e-33,4.25184389217959e-31,-56.507014997581
"365664","NC_035788.1",68202688,68202688,"+",1.08198513348615e-23,8.89368538004297e-22,-50.546875
"366340","NC_035788.1",70228505,70228505,"+",9.04222043825368e-51,5.75655261220826e-48,54.2308351912193
"366362","NC_035788.1",70231742,70231742,"+",8.97579329530329e-60,9.96333048480647e-57,52.5336972395796
"366831","NC_035788.1",70761662,70761662,"+",3.29857421933684e-42,1.17954059940709e-39,55.1347769989887
"366954","NC_035788.1",70996376,70996376,"+",6.61995303814002e-44,2.62920658428769e-41,68.6722488038277
"367454","NC_035788.1",71239722,71239722,"+",5.40538308623838e-17,2.23286001324969e-15,53.4995206136146
"367506","NC_035788.1",71420686,71420686,"+",1.35033151505659e-26,1.44338331610014e-24,-59.2174176513873
"367516","NC_035788.1",71421196,71421196,"+",3.3711103709067e-25,3.19107062090081e-23,-58.5780885780886
"367523","NC_035788.1",71422115,71422115,"+",3.49263451131431e-28,4.30766900286422e-26,-64.4013880855986
"369961","NC_035788.1",75693190,75693190,"+",7.93865001777898e-56,6.54611534229864e-53,53.4867975626269
"370111","NC_035788.1",76059470,76059470,"+",4.22338148758079e-20,2.42485216702139e-18,-50.3428347536487
"370112","NC_035788.1",76059473,76059473,"+",7.11595826719033e-41,2.33081474092945e-38,-68.3333333333333
"370132","NC_035788.1",76194269,76194269,"+",4.67963580769016e-25,4.35667740329213e-23,51.6870471014493
"370133","NC_035788.1",76194282,76194282,"+",1.33675244747306e-23,1.0908421238531e-21,50.5917808219178
"370182","NC_035788.1",76583488,76583488,"+",5.06086648759803e-24,4.29446533596305e-22,-58.5846628924344
"370263","NC_035788.1",77344602,77344602,"+",3.23366276474754e-17,1.3735542449024e-15,54.4660194174757
"370779","NC_035788.1",78353419,78353419,"+",5.20662426197234e-36,1.19575218688016e-33,-75.2539682539683
"372262","NC_035788.1",80521353,80521353,"+",3.53599098305585e-27,3.95886520669197e-25,61.9674574587008
"373504","NC_035788.1",83655135,83655135,"+",2.0196954971609e-121,3.49737490220212e-117,69.9167827246645
"375844","NC_035788.1",90709052,90709052,"+",3.54781217124556e-26,3.6641241550155e-24,-54.1808433859161
"376761","NC_035788.1",92754574,92754574,"+",4.49111475523133e-14,1.3161971733705e-12,60.4805302402651
"376776","NC_035788.1",92760344,92760344,"+",3.34738654745998e-27,3.75255774200124e-25,-53.3173286774334
"377561","NC_035788.1",99540197,99540197,"+",6.57813195871951e-21,4.11422653739208e-19,51.4131040522251
"378897","NC_035789.1",1152813,1152813,"+",3.20780994368121e-39,9.24765010284144e-37,-61.1128829920691
"380170","NC_035789.1",4864681,4864681,"+",7.12116332719763e-83,2.53381928626404e-79,65.8567269131462
"380204","NC_035789.1",4916415,4916415,"+",9.99802633191053e-12,2.13634375647876e-10,53.0582166543847
"380542","NC_035789.1",5560271,5560271,"+",3.5838354798388e-19,1.88323711696998e-17,-51.8703597944032
"380849","NC_035789.1",7302118,7302118,"+",2.0370045073082e-43,7.78091423297992e-41,-50.9311280853481
"381217","NC_035789.1",7947064,7947064,"+",7.13329588319299e-15,2.30739657821088e-13,57.1428571428571
"382058","NC_035789.1",9432287,9432287,"+",1.96405112190047e-74,4.43611195891255e-71,-55.6867097121334
"382146","NC_035789.1",9445654,9445654,"+",2.33503523004165e-35,5.10963960520366e-33,-65.6050955414013
"382584","NC_035789.1",10721394,10721394,"+",3.07872586976118e-33,5.70795363386284e-31,55.7724056603774
"383332","NC_035789.1",23133846,23133846,"+",2.60271542623356e-26,2.72378271747861e-24,-51.6015073009892
"383406","NC_035789.1",25054246,25054246,"+",2.42739302219685e-15,8.33779047146355e-14,56.5625
